-- MySQL dump 10.13  Distrib 8.0.20, for Linux (x86_64)
--
-- Host: localhost    Database: vk
-- ------------------------------------------------------
-- Server version	8.0.20

/*!40101 SET @OLD_CHARACTER_SET_CLIENT=@@CHARACTER_SET_CLIENT */;
/*!40101 SET @OLD_CHARACTER_SET_RESULTS=@@CHARACTER_SET_RESULTS */;
/*!40101 SET @OLD_COLLATION_CONNECTION=@@COLLATION_CONNECTION */;
/*!50503 SET NAMES utf8mb4 */;
/*!40103 SET @OLD_TIME_ZONE=@@TIME_ZONE */;
/*!40103 SET TIME_ZONE='+00:00' */;
/*!40014 SET @OLD_UNIQUE_CHECKS=@@UNIQUE_CHECKS, UNIQUE_CHECKS=0 */;
/*!40014 SET @OLD_FOREIGN_KEY_CHECKS=@@FOREIGN_KEY_CHECKS, FOREIGN_KEY_CHECKS=0 */;
/*!40101 SET @OLD_SQL_MODE=@@SQL_MODE, SQL_MODE='NO_AUTO_VALUE_ON_ZERO' */;
/*!40111 SET @OLD_SQL_NOTES=@@SQL_NOTES, SQL_NOTES=0 */;

--
-- Table structure for table `communities`
--

DROP TABLE IF EXISTS `communities`;
/*!40101 SET @saved_cs_client     = @@character_set_client */;
/*!50503 SET character_set_client = utf8mb4 */;
CREATE TABLE `communities` (
  `id` int unsigned NOT NULL AUTO_INCREMENT,
  `name` varchar(150) NOT NULL,
  PRIMARY KEY (`id`),
  UNIQUE KEY `name` (`name`)
) ENGINE=InnoDB AUTO_INCREMENT=101 DEFAULT CHARSET=utf8mb4 COLLATE=utf8mb4_0900_ai_ci;
/*!40101 SET character_set_client = @saved_cs_client */;

--
-- Dumping data for table `communities`
--

LOCK TABLES `communities` WRITE;
/*!40000 ALTER TABLE `communities` DISABLE KEYS */;
INSERT INTO `communities` VALUES (65,'Adams-DuBuque'),(94,'Altenwerth, Hermann and Mann'),(3,'Anderson, Beier and Watsica'),(33,'Armstrong LLC'),(42,'Balistreri-Heaney'),(70,'Barrows and Sons'),(26,'Barrows, McClure and Prohaska'),(72,'Barton-Batz'),(87,'Bednar-Waelchi'),(80,'Beer Ltd'),(100,'Berge-McClure'),(2,'Bernhard, Simonis and Smitham'),(20,'Block, Kerluke and Gusikowski'),(75,'Brakus and Sons'),(13,'Brekke and Sons'),(41,'Cassin, Parker and Corkery'),(99,'Corwin Inc'),(14,'Crist-Ernser'),(54,'Dare and Sons'),(58,'Emmerich Ltd'),(48,'Fadel-Treutel'),(37,'Fadel, Hudson and Hoeger'),(24,'Fahey-Gerhold'),(62,'Gerhold, Bashirian and Herzog'),(47,'Gleason PLC'),(17,'Gottlieb-Greenholt'),(77,'Grant and Sons'),(74,'Grimes, Cole and McGlynn'),(66,'Gusikowski, Bahringer and Lehner'),(71,'Hansen Ltd'),(36,'Hermann Ltd'),(31,'Hessel PLC'),(98,'Hodkiewicz, Jenkins and Leuschke'),(35,'Howe, Baumbach and Rolfson'),(28,'Howe, O\'Conner and Harris'),(46,'Howell-Reichert'),(97,'Huels, Kuphal and Considine'),(85,'Jacobi, Farrell and Hyatt'),(6,'Kirlin-O\'Hara'),(5,'Koch LLC'),(9,'Kohler-Quitzon'),(78,'Konopelski-Gleichner'),(27,'Kovacek LLC'),(51,'Krajcik, Murray and Stoltenberg'),(25,'Kshlerin LLC'),(15,'Kub and Sons'),(92,'Kunde-Breitenberg'),(55,'Kunze-Schumm'),(84,'Lakin PLC'),(11,'Larson Group'),(63,'Larson-Kuvalis'),(16,'Lemke-Schoen'),(22,'Lindgren Ltd'),(73,'Littel Inc'),(52,'Lockman-Windler'),(79,'Lueilwitz, Hilll and O\'Hara'),(59,'Lynch, Kuhic and Jones'),(53,'Macejkovic Inc'),(57,'Macejkovic Ltd'),(91,'Mante PLC'),(88,'Mayer, Pouros and O\'Kon'),(86,'Mohr Group'),(82,'Moore Ltd'),(30,'Morissette, Marks and Kozey'),(29,'Nicolas PLC'),(96,'O\'Reilly-Kilback'),(64,'Predovic Inc'),(32,'Prosacco-Price'),(21,'Quigley-Sipes'),(38,'Reichel and Sons'),(93,'Rippin, Franecki and Ryan'),(90,'Robel PLC'),(23,'Roob, Roob and Schimmel'),(67,'Rowe Group'),(1,'Rowe-Rogahn'),(8,'Ruecker LLC'),(50,'Runte, Hudson and Reilly'),(4,'Schaefer LLC'),(43,'Schaefer-Kovacek'),(10,'Schulist Ltd'),(81,'Schuppe-McCullough'),(95,'Schuster and Sons'),(49,'Simonis Ltd'),(56,'Stokes, Dicki and Kling'),(69,'Streich, Wyman and Bayer'),(34,'Terry-Kassulke'),(89,'Thiel PLC'),(39,'Torphy-Considine'),(61,'Turcotte-Romaguera'),(18,'Ullrich Inc'),(45,'Ullrich-Metz'),(7,'Vandervort, Gerhold and Murray'),(76,'Walsh-Hartmann'),(68,'Weber, Nicolas and Bosco'),(60,'White, Lang and Stehr'),(19,'Wilderman, Quitzon and Upton'),(44,'Windler, Friesen and Buckridge'),(83,'Yundt, Stanton and Keebler'),(40,'Zboncak-Block'),(12,'Zemlak-Predovic');
/*!40000 ALTER TABLE `communities` ENABLE KEYS */;
UNLOCK TABLES;

--
-- Table structure for table `communities_users`
--

DROP TABLE IF EXISTS `communities_users`;
/*!40101 SET @saved_cs_client     = @@character_set_client */;
/*!50503 SET character_set_client = utf8mb4 */;
CREATE TABLE `communities_users` (
  `community_id` int unsigned NOT NULL,
  `user_id` int unsigned NOT NULL,
  PRIMARY KEY (`community_id`,`user_id`)
) ENGINE=InnoDB DEFAULT CHARSET=utf8mb4 COLLATE=utf8mb4_0900_ai_ci;
/*!40101 SET character_set_client = @saved_cs_client */;

--
-- Dumping data for table `communities_users`
--

LOCK TABLES `communities_users` WRITE;
/*!40000 ALTER TABLE `communities_users` DISABLE KEYS */;
INSERT INTO `communities_users` VALUES (1,4),(1,7),(3,1),(3,9),(4,1),(4,2),(4,3),(4,8),(5,5),(6,5),(7,8),(9,6),(10,1),(10,2),(10,4),(10,5),(11,3),(11,4),(12,7),(12,8),(13,1),(13,8),(15,4),(15,5),(16,5),(17,1),(17,4),(18,1),(19,2),(19,4),(19,9),(21,8),(22,5),(23,8),(25,2),(25,5),(26,2),(26,8),(26,9),(27,3),(27,4),(28,3),(28,6),(28,8),(29,3),(29,7),(30,6),(31,1),(33,3),(33,4),(34,8),(35,1),(35,6),(36,1),(36,2),(36,5),(36,8),(37,6),(37,7),(37,8),(38,1),(38,9),(39,4),(39,7),(40,2),(40,5),(40,7),(40,8),(42,7),(43,4),(43,5),(43,7),(43,8),(44,6),(45,3),(46,4),(46,6),(47,8),(49,2),(49,3),(49,4),(50,1),(50,2),(52,2),(52,7),(52,8),(52,9),(53,1),(53,3),(53,4),(53,7),(54,1),(54,2),(54,6),(54,7),(55,8),(56,4),(56,7),(56,8),(57,1),(57,5),(58,4),(59,7),(60,1),(61,1),(61,9),(62,2),(62,5),(62,7),(64,1),(64,8),(65,4),(65,7),(66,3),(66,6),(67,2),(67,7),(68,3),(69,1),(69,7),(69,9),(70,2),(70,5),(71,6),(72,2),(72,8),(73,2),(73,4),(73,5),(73,8),(74,2),(74,4),(75,9),(76,2),(77,4),(78,1),(78,4),(78,7),(78,9),(79,6),(79,8),(80,6),(81,5),(81,6),(81,9),(82,7),(82,8),(82,9),(83,8),(84,2),(86,4),(86,7),(87,6),(88,6),(88,8),(89,1),(89,2),(89,5),(89,8),(90,4),(91,4),(91,8),(92,2),(92,3),(92,9),(93,1),(93,8),(94,3),(96,3),(96,4),(96,9),(97,2),(97,3),(97,6),(97,7),(98,1),(98,7),(99,4),(99,6),(99,7),(99,8),(99,9),(100,7);
/*!40000 ALTER TABLE `communities_users` ENABLE KEYS */;
UNLOCK TABLES;

--
-- Table structure for table `friendship`
--

DROP TABLE IF EXISTS `friendship`;
/*!40101 SET @saved_cs_client     = @@character_set_client */;
/*!50503 SET character_set_client = utf8mb4 */;
CREATE TABLE `friendship` (
  `user_id` int unsigned NOT NULL,
  `friend_id` int unsigned NOT NULL,
  `status_id` int unsigned NOT NULL,
  `requested_at` datetime DEFAULT CURRENT_TIMESTAMP,
  `confirmed_at` datetime DEFAULT NULL,
  PRIMARY KEY (`user_id`,`friend_id`)
) ENGINE=InnoDB DEFAULT CHARSET=utf8mb4 COLLATE=utf8mb4_0900_ai_ci;
/*!40101 SET character_set_client = @saved_cs_client */;

--
-- Dumping data for table `friendship`
--

LOCK TABLES `friendship` WRITE;
/*!40000 ALTER TABLE `friendship` DISABLE KEYS */;
INSERT INTO `friendship` VALUES (1,1,3,'1984-07-16 21:45:35','1992-09-05 02:52:53'),(1,2,8,'1978-12-05 23:28:40','2001-03-19 01:59:12'),(1,3,4,'1990-06-14 11:41:03','2008-04-27 23:28:04'),(1,4,3,'1999-12-12 01:19:57','1973-12-31 11:08:38'),(1,5,3,'2018-10-10 03:07:26','1982-11-13 14:03:27'),(1,6,2,'1980-02-07 01:51:27','2004-07-17 17:45:02'),(1,7,6,'2020-04-08 07:57:37','1990-01-30 10:43:53'),(1,8,4,'2008-12-26 13:25:06','2011-07-04 12:45:03'),(1,9,3,'2012-01-14 19:01:39','2019-12-23 19:06:56'),(2,1,7,'1996-01-25 18:24:28','1989-11-26 17:55:27'),(2,2,2,'1974-04-08 07:49:44','1988-10-16 14:16:25'),(2,3,4,'2012-05-04 01:19:22','2011-01-08 01:54:00'),(2,5,5,'1976-11-08 07:37:27','2008-08-31 14:06:01'),(2,6,2,'1993-03-27 19:11:53','2004-06-11 18:34:22'),(2,7,6,'1981-04-24 08:39:30','1988-04-17 20:56:07'),(2,8,2,'1991-06-22 16:55:30','1971-12-19 10:30:36'),(2,9,6,'2014-10-21 19:32:07','2015-07-10 23:54:54'),(3,1,5,'2011-11-03 10:29:09','1988-10-29 11:00:25'),(3,3,2,'1984-07-23 19:47:32','2018-11-06 12:12:38'),(3,4,4,'1996-06-07 00:37:59','1990-01-28 06:58:07'),(3,5,9,'1984-01-01 23:06:59','1989-08-16 22:42:48'),(3,6,6,'1975-12-08 14:11:03','1983-05-26 11:59:49'),(3,7,5,'2016-12-10 09:48:48','2011-01-17 15:41:20'),(3,8,5,'2008-11-25 08:26:19','1975-07-03 17:52:06'),(3,9,2,'2017-02-07 15:58:46','2014-09-13 15:21:46'),(4,1,7,'1998-09-26 05:57:31','1982-07-20 15:10:53'),(4,2,7,'1991-01-25 13:26:40','1997-02-06 01:10:20'),(4,4,2,'1981-12-17 16:13:54','1972-10-02 21:11:21'),(4,5,2,'2004-08-06 12:09:09','2017-05-05 00:20:04'),(4,7,4,'2001-06-06 03:59:39','2002-09-12 16:48:21'),(4,8,3,'1972-01-05 03:07:40','2015-02-02 00:37:57'),(4,9,9,'1986-04-19 02:42:59','1982-09-27 16:22:29'),(5,1,7,'1993-08-30 14:20:10','2002-08-06 18:50:29'),(5,2,7,'2007-07-30 01:17:38','1997-09-07 14:17:55'),(5,3,9,'1983-07-19 06:30:14','1984-03-08 10:33:02'),(5,4,7,'1985-03-08 14:34:12','2011-03-10 10:20:46'),(5,5,9,'2009-06-22 18:58:06','2018-06-17 04:12:20'),(5,6,2,'1996-05-25 12:31:20','1994-02-27 11:56:25'),(5,7,7,'1973-02-08 18:22:27','1993-06-02 14:28:23'),(5,8,2,'2001-06-07 18:40:45','1983-08-02 08:09:12'),(6,1,7,'1974-01-29 02:09:21','1981-03-02 22:30:34'),(6,3,1,'2000-08-13 10:19:14','2015-06-23 09:11:57'),(6,4,9,'2007-01-16 20:36:57','1990-02-09 20:08:37'),(6,6,4,'2016-01-25 20:16:00','1993-11-08 21:16:32'),(6,7,3,'2016-08-22 06:33:08','2016-06-07 16:49:29'),(6,8,4,'1971-08-25 03:10:10','2017-10-24 04:54:59'),(6,9,1,'1990-07-24 04:55:23','1999-12-01 09:31:39'),(7,1,6,'1982-01-29 14:36:49','1976-10-03 04:33:45'),(7,2,8,'1982-03-30 06:46:41','1998-06-24 01:37:50'),(7,3,1,'1995-06-20 15:29:01','1980-01-31 06:58:02'),(7,4,6,'2003-09-17 04:39:55','2002-01-09 22:19:36'),(7,5,1,'2016-02-04 05:19:47','1991-04-26 14:19:30'),(7,6,6,'2011-10-14 04:36:14','2012-06-16 19:04:49'),(7,7,3,'2006-05-02 01:06:09','1990-12-10 14:42:56'),(7,8,7,'1990-12-07 14:55:54','2011-08-18 18:57:08'),(8,1,8,'2003-03-07 11:43:11','2006-03-25 06:33:01'),(8,2,1,'2012-02-29 06:39:55','1992-05-25 19:37:59'),(8,3,8,'1999-08-13 20:01:16','2009-03-08 15:55:47'),(8,4,2,'2000-02-04 02:05:57','2018-02-25 17:07:20'),(8,5,5,'2017-06-01 18:55:36','1995-07-13 01:57:17'),(8,6,1,'1995-11-04 12:13:08','1987-11-26 23:01:18'),(8,8,4,'2011-08-21 22:31:48','1987-02-20 03:07:36'),(8,9,4,'2017-03-16 18:27:23','2005-05-14 14:30:50'),(9,2,1,'1980-09-06 19:16:12','2003-10-28 07:59:47'),(9,3,1,'1984-02-25 00:29:51','2004-06-10 03:02:55'),(9,5,4,'2006-05-26 21:42:19','2002-12-22 09:45:45'),(9,6,3,'1995-12-31 13:09:39','2005-07-12 13:38:51'),(9,7,8,'1978-09-08 18:24:43','1993-09-08 04:20:37'),(9,8,4,'1974-12-14 02:29:19','1996-09-04 16:26:42'),(9,9,1,'2018-10-11 00:14:09','1987-03-31 21:18:53');
/*!40000 ALTER TABLE `friendship` ENABLE KEYS */;
UNLOCK TABLES;

--
-- Table structure for table `friendship_statuses`
--

DROP TABLE IF EXISTS `friendship_statuses`;
/*!40101 SET @saved_cs_client     = @@character_set_client */;
/*!50503 SET character_set_client = utf8mb4 */;
CREATE TABLE `friendship_statuses` (
  `id` int unsigned NOT NULL AUTO_INCREMENT,
  `name` varchar(150) NOT NULL,
  PRIMARY KEY (`id`),
  UNIQUE KEY `name` (`name`)
) ENGINE=InnoDB AUTO_INCREMENT=10 DEFAULT CHARSET=utf8mb4 COLLATE=utf8mb4_0900_ai_ci;
/*!40101 SET character_set_client = @saved_cs_client */;

--
-- Dumping data for table `friendship_statuses`
--

LOCK TABLES `friendship_statuses` WRITE;
/*!40000 ALTER TABLE `friendship_statuses` DISABLE KEYS */;
INSERT INTO `friendship_statuses` VALUES (2,'accusamus'),(3,'et'),(5,'eum'),(8,'occaecati'),(4,'porro'),(6,'quas'),(9,'tempora'),(1,'vitae'),(7,'voluptates');
/*!40000 ALTER TABLE `friendship_statuses` ENABLE KEYS */;
UNLOCK TABLES;

--
-- Table structure for table `media`
--

DROP TABLE IF EXISTS `media`;
/*!40101 SET @saved_cs_client     = @@character_set_client */;
/*!50503 SET character_set_client = utf8mb4 */;
CREATE TABLE `media` (
  `id` int unsigned NOT NULL AUTO_INCREMENT,
  `user_id` int unsigned NOT NULL,
  `filename` varchar(255) NOT NULL,
  `size` int NOT NULL,
  `metadata` json DEFAULT NULL,
  `media_type_id` int unsigned NOT NULL,
  `created_at` datetime DEFAULT CURRENT_TIMESTAMP,
  `updated_at` datetime DEFAULT CURRENT_TIMESTAMP ON UPDATE CURRENT_TIMESTAMP,
  PRIMARY KEY (`id`)
) ENGINE=InnoDB AUTO_INCREMENT=101 DEFAULT CHARSET=utf8mb4 COLLATE=utf8mb4_0900_ai_ci;
/*!40101 SET character_set_client = @saved_cs_client */;

--
-- Dumping data for table `media`
--

LOCK TABLES `media` WRITE;
/*!40000 ALTER TABLE `media` DISABLE KEYS */;
INSERT INTO `media` VALUES (1,5,'quo',5025,'{\"path\": \"beatae\"}',7,'1993-04-29 16:53:20','1985-11-10 16:06:29'),(2,5,'nam',394089,'{\"path\": \"natus\"}',1,'2004-02-08 08:32:20','1982-03-11 23:02:54'),(3,1,'sit',280,'{\"path\": \"modi\"}',8,'1987-07-31 10:50:51','1983-06-21 08:55:21'),(4,1,'iusto',607337621,'{\"path\": \"rem\"}',1,'1981-04-22 09:17:40','1978-07-27 20:07:34'),(5,3,'ad',224231,'{\"path\": \"unde\"}',1,'1970-06-10 00:21:21','2005-12-10 04:00:47'),(6,4,'molestias',82573296,'{\"path\": \"ex\"}',7,'1976-01-23 04:35:08','2014-09-10 14:44:47'),(7,8,'ab',4487201,'{\"path\": \"optio\"}',3,'2009-06-14 13:35:58','1972-03-30 21:35:41'),(8,9,'quo',0,'{\"path\": \"repudiandae\"}',7,'2017-07-19 13:16:18','2018-01-29 08:34:01'),(9,9,'nulla',6614,'{\"path\": \"ratione\"}',9,'1980-11-21 21:13:46','2008-01-23 10:30:31'),(10,2,'numquam',7727,'{\"path\": \"dicta\"}',4,'1977-11-20 14:33:44','2017-12-23 10:02:56'),(11,9,'hic',1,'{\"path\": \"molestiae\"}',4,'1992-07-05 22:38:40','1999-01-16 02:32:21'),(12,1,'doloribus',71,'{\"path\": \"quia\"}',9,'1978-12-18 07:10:52','2001-01-15 15:29:10'),(13,7,'enim',9154,'{\"path\": \"deserunt\"}',2,'1993-06-27 16:50:48','2001-06-15 17:18:06'),(14,3,'sit',9,'{\"path\": \"rerum\"}',3,'2019-08-09 20:37:15','2001-12-09 06:07:01'),(15,2,'autem',914466,'{\"path\": \"saepe\"}',1,'1983-02-27 08:35:04','2011-01-05 10:56:41'),(16,2,'recusandae',7399,'{\"path\": \"commodi\"}',1,'2017-09-25 17:59:51','1995-04-17 14:33:16'),(17,7,'nisi',2209,'{\"path\": \"quia\"}',6,'1984-05-07 08:50:47','1995-11-04 18:18:02'),(18,5,'ipsam',12,'{\"path\": \"atque\"}',4,'1990-11-05 21:11:47','2006-10-03 03:47:16'),(19,8,'quaerat',543,'{\"path\": \"harum\"}',9,'1978-02-05 05:02:26','1986-01-14 19:49:20'),(20,5,'velit',1,'{\"path\": \"quod\"}',3,'1977-05-16 23:13:15','1990-01-30 13:46:00'),(21,2,'reiciendis',0,'{\"path\": \"reprehenderit\"}',1,'2007-06-07 04:50:54','2019-07-17 12:53:21'),(22,8,'quaerat',9139,'{\"path\": \"sed\"}',8,'2014-02-02 20:02:05','1979-10-24 08:26:25'),(23,3,'voluptatem',4275370,'{\"path\": \"et\"}',4,'2002-03-17 13:06:31','1973-02-23 19:56:01'),(24,3,'itaque',434514,'{\"path\": \"dolor\"}',2,'2010-07-31 05:23:12','2001-07-31 21:13:47'),(25,2,'dolores',6998,'{\"path\": \"id\"}',1,'2010-03-28 04:26:44','1985-08-05 13:17:12'),(26,6,'et',0,'{\"path\": \"et\"}',7,'1985-03-10 19:19:55','2006-10-28 16:04:45'),(27,8,'facilis',663,'{\"path\": \"et\"}',3,'2001-02-27 19:23:49','1987-09-19 07:49:49'),(28,4,'est',604528638,'{\"path\": \"id\"}',9,'1986-02-13 12:59:19','2003-09-02 16:06:47'),(29,8,'qui',0,'{\"path\": \"et\"}',9,'1981-01-15 21:18:45','1974-03-14 23:57:54'),(30,2,'eaque',0,'{\"path\": \"quia\"}',2,'2000-04-12 08:35:09','1999-06-27 18:28:48'),(31,7,'sequi',2404692,'{\"path\": \"quisquam\"}',5,'2010-11-01 23:12:01','1974-06-21 01:14:28'),(32,3,'quae',5698984,'{\"path\": \"et\"}',2,'1992-08-06 06:14:23','1976-03-13 16:08:06'),(33,5,'occaecati',13340,'{\"path\": \"veniam\"}',6,'2019-12-28 09:14:03','1975-01-10 08:18:01'),(34,1,'corrupti',8187579,'{\"path\": \"numquam\"}',1,'1997-03-30 09:08:12','2018-05-26 14:02:24'),(35,6,'quo',98,'{\"path\": \"itaque\"}',6,'1982-11-10 18:12:29','2014-05-21 11:10:30'),(36,5,'maiores',0,'{\"path\": \"accusantium\"}',7,'2009-09-05 10:16:41','2013-12-19 01:17:18'),(37,9,'consequuntur',6016,'{\"path\": \"sapiente\"}',7,'1971-10-27 23:17:39','1984-01-13 16:12:15'),(38,8,'recusandae',1130,'{\"path\": \"ullam\"}',5,'1982-06-02 18:15:38','1979-01-11 19:33:16'),(39,8,'incidunt',0,'{\"path\": \"accusantium\"}',8,'1983-08-10 13:56:15','1972-05-02 09:03:03'),(40,4,'quia',0,'{\"path\": \"rem\"}',4,'2017-01-18 23:08:54','1985-10-24 07:47:06'),(41,9,'consectetur',32617,'{\"path\": \"et\"}',8,'1970-11-26 01:43:41','1979-05-18 08:49:20'),(42,4,'vero',87,'{\"path\": \"quaerat\"}',6,'1971-10-20 06:58:10','2013-10-07 02:24:44'),(43,9,'aut',26355351,'{\"path\": \"facere\"}',4,'1972-01-17 19:50:28','2003-07-10 00:52:21'),(44,7,'voluptatem',0,'{\"path\": \"doloribus\"}',9,'2017-03-22 20:14:28','2010-09-10 13:18:59'),(45,4,'sunt',6550692,'{\"path\": \"at\"}',2,'1979-01-04 08:26:20','2008-12-11 03:48:24'),(46,4,'molestias',6,'{\"path\": \"quis\"}',4,'2002-07-26 05:54:41','1983-05-31 11:03:28'),(47,1,'reiciendis',919766,'{\"path\": \"velit\"}',4,'2002-12-26 01:36:49','2002-12-28 09:02:14'),(48,4,'ducimus',32787599,'{\"path\": \"dignissimos\"}',2,'2015-09-07 21:48:19','2007-11-14 10:27:15'),(49,8,'qui',9001389,'{\"path\": \"omnis\"}',2,'1993-05-18 16:23:37','1975-01-27 16:54:44'),(50,5,'eaque',10540286,'{\"path\": \"incidunt\"}',3,'2010-03-11 16:06:49','2007-10-28 20:10:58'),(51,8,'maxime',209,'{\"path\": \"unde\"}',7,'1991-08-30 20:20:48','2001-01-13 06:43:57'),(52,9,'dolore',45377,'{\"path\": \"consequatur\"}',6,'1986-06-19 01:54:24','2000-05-19 07:06:08'),(53,5,'quibusdam',37,'{\"path\": \"quia\"}',5,'2015-01-09 03:37:00','1980-09-26 22:59:00'),(54,5,'omnis',15000,'{\"path\": \"ex\"}',3,'1976-03-01 13:58:40','2014-09-22 04:53:24'),(55,2,'eos',5216247,'{\"path\": \"sit\"}',7,'2014-12-20 16:52:21','1982-07-01 14:08:47'),(56,8,'dignissimos',784693,'{\"path\": \"ipsam\"}',9,'2017-08-18 23:03:27','2009-05-06 15:26:35'),(57,7,'omnis',321,'{\"path\": \"delectus\"}',9,'1979-08-26 03:31:07','2017-05-10 01:11:10'),(58,7,'id',243642,'{\"path\": \"enim\"}',1,'1993-04-09 22:11:02','2007-12-06 07:42:57'),(59,9,'impedit',6119,'{\"path\": \"non\"}',8,'1985-11-15 23:58:23','2000-10-02 13:52:48'),(60,5,'molestiae',8,'{\"path\": \"molestias\"}',3,'1998-10-29 19:59:52','2012-11-01 17:18:59'),(61,1,'ullam',2,'{\"path\": \"nesciunt\"}',6,'1996-05-02 21:39:09','1993-07-18 19:10:23'),(62,2,'laborum',2028,'{\"path\": \"saepe\"}',7,'2014-04-11 13:45:33','1995-03-28 03:01:19'),(63,2,'nesciunt',497793,'{\"path\": \"dolore\"}',5,'2007-10-20 06:42:38','2014-10-22 03:15:34'),(64,5,'at',972,'{\"path\": \"eaque\"}',2,'2009-03-25 01:37:46','2006-04-07 13:39:49'),(65,2,'labore',641731934,'{\"path\": \"veniam\"}',2,'1982-12-11 10:11:54','2009-08-22 13:03:06'),(66,8,'corporis',2407547,'{\"path\": \"deleniti\"}',7,'2018-08-31 07:33:35','1977-09-30 20:59:43'),(67,2,'velit',80919717,'{\"path\": \"eum\"}',6,'2017-10-31 20:44:24','1975-01-03 11:58:24'),(68,8,'dolorem',2928,'{\"path\": \"ducimus\"}',3,'1987-07-02 10:18:41','1992-07-23 08:50:54'),(69,5,'eum',4,'{\"path\": \"dolor\"}',8,'1980-03-14 06:16:57','1970-02-23 22:10:30'),(70,5,'delectus',27802,'{\"path\": \"temporibus\"}',5,'2013-04-14 01:43:29','1976-06-16 03:15:59'),(71,3,'nulla',255520,'{\"path\": \"voluptatem\"}',2,'2010-05-06 14:36:09','2019-08-01 09:57:34'),(72,4,'praesentium',67,'{\"path\": \"reprehenderit\"}',4,'2019-02-06 14:54:41','1973-02-14 02:24:52'),(73,1,'amet',54257,'{\"path\": \"aspernatur\"}',7,'2019-09-01 23:18:43','1974-09-29 00:34:40'),(74,8,'numquam',1136860,'{\"path\": \"voluptas\"}',9,'2012-05-25 04:20:02','1988-12-30 17:47:00'),(75,4,'quidem',8014490,'{\"path\": \"occaecati\"}',1,'1998-04-27 04:38:55','1991-04-25 04:03:54'),(76,9,'impedit',657391863,'{\"path\": \"totam\"}',3,'2014-10-11 16:11:29','2010-02-28 03:32:13'),(77,7,'tempora',443,'{\"path\": \"veniam\"}',6,'1981-12-12 21:28:56','2002-06-12 02:37:19'),(78,4,'quia',7069,'{\"path\": \"magni\"}',6,'1990-08-17 21:14:06','1986-04-11 22:52:00'),(79,7,'iusto',9,'{\"path\": \"in\"}',3,'1976-01-19 10:04:22','1988-11-17 12:24:14'),(80,6,'optio',610287,'{\"path\": \"est\"}',2,'2004-08-01 10:25:00','2019-05-15 20:53:05'),(81,2,'explicabo',9715769,'{\"path\": \"minima\"}',5,'2004-09-28 19:19:55','1991-06-17 23:33:59'),(82,8,'non',44176235,'{\"path\": \"ut\"}',6,'2009-05-12 16:50:50','1979-01-11 20:16:35'),(83,9,'explicabo',28,'{\"path\": \"aut\"}',4,'1987-01-24 10:51:04','1998-10-16 17:34:08'),(84,6,'quod',6817,'{\"path\": \"ducimus\"}',7,'1999-11-24 18:03:48','1971-12-10 02:35:33'),(85,5,'omnis',129,'{\"path\": \"numquam\"}',4,'1985-08-08 06:44:20','2011-08-25 23:09:51'),(86,7,'sed',45160624,'{\"path\": \"est\"}',4,'2015-05-26 05:00:04','1990-11-20 19:31:13'),(87,8,'quisquam',60259,'{\"path\": \"eligendi\"}',4,'1983-09-16 13:01:48','2001-12-28 03:01:07'),(88,1,'unde',6218390,'{\"path\": \"aspernatur\"}',3,'1982-10-17 21:01:08','2011-12-22 12:54:45'),(89,8,'nihil',8,'{\"path\": \"dolores\"}',3,'1978-04-25 20:21:57','2019-11-29 01:28:50'),(90,6,'omnis',560413,'{\"path\": \"officia\"}',2,'1991-04-18 14:36:11','1991-09-15 02:28:49'),(91,1,'placeat',0,'{\"path\": \"cum\"}',5,'1978-01-24 23:46:10','2001-02-06 17:26:09'),(92,9,'et',72,'{\"path\": \"optio\"}',4,'1976-04-20 21:28:29','2015-07-18 02:13:09'),(93,8,'tenetur',0,'{\"path\": \"blanditiis\"}',9,'1985-04-19 11:52:33','2009-02-19 02:41:10'),(94,8,'sapiente',714255145,'{\"path\": \"cumque\"}',5,'1979-07-19 20:19:52','1984-11-08 12:28:41'),(95,1,'rerum',1,'{\"path\": \"minima\"}',2,'1980-01-22 08:47:41','2018-11-13 05:16:44'),(96,8,'hic',0,'{\"path\": \"ut\"}',1,'2014-08-21 20:20:57','2004-03-05 13:07:40'),(97,6,'ipsam',27142141,'{\"path\": \"quo\"}',3,'1982-01-20 19:08:44','1991-08-31 20:05:44'),(98,4,'quia',0,'{\"path\": \"et\"}',2,'2012-06-26 11:07:44','1973-11-27 01:47:29'),(99,5,'ea',23,'{\"path\": \"occaecati\"}',9,'1970-04-11 04:25:38','2007-09-11 10:33:04'),(100,9,'ut',0,'{\"path\": \"magni\"}',1,'1983-11-28 13:57:42','1990-01-01 04:43:09');
/*!40000 ALTER TABLE `media` ENABLE KEYS */;
UNLOCK TABLES;

--
-- Table structure for table `media_types`
--

DROP TABLE IF EXISTS `media_types`;
/*!40101 SET @saved_cs_client     = @@character_set_client */;
/*!50503 SET character_set_client = utf8mb4 */;
CREATE TABLE `media_types` (
  `id` int unsigned NOT NULL AUTO_INCREMENT,
  `name` varchar(255) NOT NULL,
  PRIMARY KEY (`id`),
  UNIQUE KEY `name` (`name`)
) ENGINE=InnoDB AUTO_INCREMENT=10 DEFAULT CHARSET=utf8mb4 COLLATE=utf8mb4_0900_ai_ci;
/*!40101 SET character_set_client = @saved_cs_client */;

--
-- Dumping data for table `media_types`
--

LOCK TABLES `media_types` WRITE;
/*!40000 ALTER TABLE `media_types` DISABLE KEYS */;
INSERT INTO `media_types` VALUES (6,'alias'),(7,'aut'),(5,'expedita'),(8,'ipsam'),(9,'magnam'),(2,'repellendus'),(3,'rerum'),(1,'sed'),(4,'veritatis');
/*!40000 ALTER TABLE `media_types` ENABLE KEYS */;
UNLOCK TABLES;

--
-- Table structure for table `messages`
--

DROP TABLE IF EXISTS `messages`;
/*!40101 SET @saved_cs_client     = @@character_set_client */;
/*!50503 SET character_set_client = utf8mb4 */;
CREATE TABLE `messages` (
  `id` int unsigned NOT NULL AUTO_INCREMENT,
  `from_user_id` int unsigned NOT NULL,
  `to_user_id` int unsigned NOT NULL,
  `body` text NOT NULL,
  `is_important` tinyint(1) DEFAULT NULL,
  `is_delivered` tinyint(1) DEFAULT NULL,
  `created_at` datetime DEFAULT CURRENT_TIMESTAMP,
  PRIMARY KEY (`id`)
) ENGINE=InnoDB AUTO_INCREMENT=201 DEFAULT CHARSET=utf8mb4 COLLATE=utf8mb4_0900_ai_ci;
/*!40101 SET character_set_client = @saved_cs_client */;

--
-- Dumping data for table `messages`
--

LOCK TABLES `messages` WRITE;
/*!40000 ALTER TABLE `messages` DISABLE KEYS */;
INSERT INTO `messages` VALUES (1,6,8,'Nesciunt rerum voluptates a. Dolorem rerum porro error accusamus amet veritatis aperiam voluptatem.',1,1,'1994-12-29 00:31:58'),(2,1,6,'Aut consequatur esse assumenda et voluptatem totam. Fuga temporibus illum et voluptate recusandae. Voluptatem quia atque eum quidem minima rerum. Consequuntur nemo omnis ullam explicabo quis culpa voluptatum.',0,0,'2005-12-23 00:20:28'),(3,7,3,'Ex sunt mollitia non ipsam illo quo est id. Atque sed commodi earum quia inventore. Numquam quod voluptatum tenetur fuga. Quo ab magni itaque ipsa.',1,1,'1992-02-24 21:01:08'),(4,3,4,'Facilis adipisci cum doloribus eligendi a et voluptas quia. Adipisci rerum in beatae praesentium optio enim beatae. Non dolores assumenda neque hic.',0,0,'1970-08-13 13:43:35'),(5,3,6,'Aut magnam fuga quisquam eos. Sed magni facilis omnis aspernatur. Id veniam pariatur placeat voluptates non impedit. Rem omnis veritatis quisquam corporis dolores.',0,1,'2015-01-04 15:17:51'),(6,2,5,'Ab saepe error non fugit fugiat voluptas. Neque consequatur quasi aliquam reprehenderit ex delectus et. Blanditiis odio eveniet corrupti asperiores veniam. Nobis impedit quidem id voluptatem ut molestiae.',1,0,'2015-11-04 19:47:35'),(7,1,4,'Qui doloribus ipsa et sit dicta. Autem cupiditate omnis velit consequuntur ex. Iste debitis perferendis necessitatibus iure mollitia eum et. Doloremque iure et consectetur.',1,0,'1981-09-14 00:25:11'),(8,1,9,'Laborum asperiores eum autem. Aspernatur distinctio expedita soluta officia vel. Nobis cumque in qui quo. Odit atque hic atque molestiae non numquam.',0,0,'2017-09-11 01:56:55'),(9,5,8,'Iste repellendus est qui quos. Officia omnis facere voluptatum. Velit consequatur voluptatem nemo eius beatae quas ipsa officia. Saepe sunt illum distinctio maiores distinctio. Enim quisquam animi recusandae quo.',0,1,'2016-02-25 06:19:07'),(10,2,9,'Beatae placeat necessitatibus perspiciatis eveniet aliquid reiciendis enim aut. Amet et fugiat voluptatum iste voluptates quidem. Nulla modi vel quibusdam quidem sit dolore. Eum voluptatem provident consequatur nihil. Quas ratione et quia eveniet cupiditate.',0,0,'2003-10-20 18:08:27'),(11,7,1,'Asperiores ut aut voluptatum nulla. Quia saepe ratione voluptatum quia praesentium. Illo ut autem aut odit aliquid.',0,0,'2017-12-06 23:49:11'),(12,9,6,'Laborum nemo est ullam itaque est ipsam. Recusandae voluptatem ratione autem eum. Vero et nisi quod cum. Reprehenderit ipsa aspernatur provident necessitatibus. Expedita voluptates eius est sequi sit voluptas velit.',0,1,'2005-10-18 11:36:19'),(13,9,9,'Et enim repudiandae ipsum et. Odit aspernatur voluptas ut est similique. Consectetur deserunt rem impedit dicta occaecati aut eos.',1,1,'2003-01-23 11:43:41'),(14,6,9,'Magni eveniet quia similique qui similique id quae quia. Aliquid totam sit error repellat vero. Quos aut sint suscipit debitis. Dolore excepturi ad illo nihil ut.',1,1,'1983-03-04 18:25:26'),(15,1,2,'Voluptatem dicta aut aliquid distinctio quia qui. Odio quas veniam maiores est ut.',0,0,'1981-06-23 01:31:14'),(16,9,2,'Aliquam cupiditate totam debitis qui soluta. Libero labore reiciendis sequi incidunt soluta. Ducimus a sit animi harum quam veniam nesciunt.',0,0,'1997-11-22 12:06:02'),(17,4,9,'Ut suscipit possimus eum libero inventore earum odio. Exercitationem praesentium eveniet vitae sit blanditiis non. Fugiat dignissimos et nihil rerum non labore.',0,0,'2017-05-14 07:03:45'),(18,1,8,'Ut voluptate eum dolorem iste. Sapiente quaerat voluptatem molestias deleniti. Rerum et provident consequatur qui odio minima. Voluptas sed dolores illum.',0,0,'2013-05-30 02:20:45'),(19,9,6,'Vitae quod sed voluptas deserunt quod necessitatibus consequatur. Voluptas est ut inventore aliquid deleniti sit. Laborum officia sit aliquid laborum voluptates quo quas.',1,1,'2008-06-19 18:55:07'),(20,9,1,'Et voluptatem ut quasi culpa itaque quia magni. Qui eius delectus deserunt qui. Sapiente aut vero aut quo. Fuga et id iusto dolorem fugiat commodi aliquam necessitatibus.',1,1,'2015-09-25 19:38:30'),(21,4,4,'Saepe fugit veniam aspernatur quam dolor qui praesentium ea. Tempore vitae nihil quia velit facilis reiciendis. Tempora recusandae est ut fugit praesentium. Et quis est dolorem eos eos.',0,1,'2020-02-20 07:15:42'),(22,7,2,'Nulla non maiores non quas repellendus quia. Quis ut nihil ipsam et. Aperiam esse rerum eveniet nihil et est.',0,0,'1988-08-13 06:06:46'),(23,5,2,'Itaque laborum qui quis voluptatibus magni. Ut asperiores voluptatem est aperiam molestiae animi. Magnam nobis aliquam sit aperiam illo quam porro. Similique beatae expedita rerum consequatur natus dolore et.',1,1,'2002-03-28 07:43:47'),(24,1,2,'Cumque in et aut officiis iste. Doloribus qui et cumque qui sint deleniti mollitia. Autem voluptas nemo odit sunt. Harum veniam nihil rem minus impedit aut. Quos beatae ad fugit ipsa qui at quia.',1,1,'1986-03-21 15:23:41'),(25,6,1,'Libero commodi modi saepe qui quibusdam sed unde eligendi. In non nihil et. Architecto similique quia saepe temporibus nihil. Dicta est quo et a ipsam autem.',0,1,'1976-10-13 08:18:06'),(26,5,6,'Neque voluptatem odit aut illo in quia. Laborum commodi nulla illo placeat numquam. Quis repudiandae numquam mollitia ut repellat harum.',1,1,'1995-08-03 13:27:30'),(27,8,4,'Corrupti omnis tempore optio amet fuga rerum nisi. Voluptatem eius ipsa id. Vitae esse expedita quaerat nisi eius sit officia eaque.',0,1,'1993-02-05 22:29:46'),(28,7,9,'Dicta eum laudantium laudantium autem. Et corrupti ullam eum eum quia recusandae commodi. Modi nihil eum quaerat quia et nobis omnis.',1,1,'2014-10-30 05:22:04'),(29,6,6,'Deserunt voluptate dicta eum quo. Veniam dolorum excepturi hic nihil omnis vitae molestiae. Adipisci atque corporis ea impedit neque. Eum omnis nisi reprehenderit in consequatur sunt laudantium.',0,0,'2020-03-11 12:30:09'),(30,4,8,'Et ut cumque recusandae aliquam consequuntur modi quos. Et voluptatem ut sunt ut. Non soluta soluta quas non maxime neque vero et.',1,0,'1981-02-08 02:08:17'),(31,2,6,'Ea ducimus illum qui nostrum sed. Qui et porro sint officiis aut cumque iste. Quia molestiae officiis dicta aliquid voluptatem. Est nostrum aperiam molestiae at sint accusantium.',0,1,'1980-07-03 21:28:37'),(32,9,7,'Velit porro saepe minima. Accusamus sed necessitatibus omnis qui blanditiis et atque. Qui qui consequatur unde animi voluptatum aut aut. Quo vero nostrum eligendi deleniti ut.',1,0,'1983-07-05 14:39:58'),(33,7,4,'Quia optio quisquam sed amet eos asperiores vitae. Et nihil facilis veniam. Esse quidem temporibus voluptates.',0,0,'1978-01-23 13:21:02'),(34,4,6,'Quas aperiam deserunt quod mollitia minus et et. Cupiditate dolor natus amet et perferendis porro enim eaque. Est qui nisi aut. Qui saepe eaque eum repellendus.',0,1,'2004-09-01 23:47:40'),(35,7,8,'Enim et molestiae ut perspiciatis odit dolorem unde. Occaecati quos a praesentium vero. Assumenda aliquid voluptatum possimus debitis tempore. Quisquam esse odio mollitia et in vero molestias.',1,0,'1977-07-16 12:22:33'),(36,4,5,'At rerum exercitationem ea non expedita repellat. Laudantium nemo debitis impedit. Sit alias odio eum vel eligendi et blanditiis.',0,0,'1971-03-20 06:07:56'),(37,8,1,'Tempora ratione voluptatem nam doloribus est ducimus illo. Quae rerum veritatis quo expedita iusto optio. Alias aut provident quia laborum nihil. Molestiae qui laudantium quae id quis.',0,1,'2001-07-19 22:40:36'),(38,6,8,'Quia eaque velit excepturi exercitationem accusantium ad. Officia voluptatum quia optio reiciendis eos sunt sit. Sint inventore iste sit repudiandae.',0,0,'1996-10-04 12:12:14'),(39,8,9,'Impedit inventore dolor rerum necessitatibus beatae. Ut necessitatibus et sit dolor ipsam impedit libero. Aut qui facere suscipit est. Occaecati ipsum laudantium sunt facilis.',0,1,'1992-02-04 12:01:32'),(40,2,3,'Sapiente et voluptatem delectus odio quia itaque. Quia alias atque qui vel aut eaque illo. Quasi voluptatem autem quas rerum molestiae modi.',0,0,'1981-03-11 01:31:21'),(41,2,4,'Molestiae consectetur voluptatem unde. Aut qui et repellat odit officia at praesentium. Ullam illum reiciendis possimus animi iure expedita. Recusandae non ea nemo voluptatem.',1,0,'1993-06-25 10:35:13'),(42,7,4,'Officiis mollitia autem officiis. Libero voluptas non fuga dolores qui aspernatur. Repudiandae tempora deleniti qui minus et adipisci delectus temporibus.',0,0,'1988-05-20 22:44:03'),(43,1,7,'Aliquid aut eum ea libero deserunt sit non. Ullam fuga consequatur quaerat soluta optio. Et tempora molestias laborum. Expedita aut omnis consectetur id nobis.',1,0,'2004-10-25 19:23:53'),(44,7,2,'Qui dicta et error aut adipisci ut. Assumenda ex at et libero temporibus non quaerat. Nostrum eos recusandae modi.',0,0,'1999-04-19 07:32:13'),(45,4,4,'Dolor ut enim soluta eos. Enim eveniet consequatur nihil ad repellat molestiae. Fuga rerum sunt commodi dolores aut suscipit. Cum odit aut eum deleniti sunt vitae.',1,1,'1973-06-15 22:48:24'),(46,2,9,'Repudiandae omnis ea rerum consequatur praesentium laudantium. Asperiores optio tenetur nobis sit fugit eos. Voluptatem fuga quo qui amet et.',0,1,'1981-11-15 07:02:36'),(47,5,3,'Quisquam non quaerat eligendi. Id molestiae repellat magni architecto qui itaque. Tempore dolorum et quos ea perspiciatis est.',1,1,'2019-11-13 04:17:18'),(48,4,7,'Exercitationem id sit est placeat est debitis. Incidunt maxime nam qui quia rerum minus. Temporibus quia aut est. Sapiente est error neque voluptas ea.',1,0,'1988-09-05 02:05:16'),(49,5,9,'Quas non sequi animi soluta eaque repudiandae. Eveniet molestiae voluptatum sint quia doloremque. Quas dolor quia assumenda laboriosam facere. Sed molestiae est qui amet est et porro.',1,1,'1976-01-09 02:37:10'),(50,2,1,'Est non unde eveniet magni doloribus. Officia quod architecto magnam inventore. Magni quia delectus nemo labore quam eum est officia. Omnis unde suscipit cupiditate consequatur.',0,1,'1982-07-30 03:08:15'),(51,9,1,'Architecto repellat eum est quisquam est et ad. Quaerat nisi non in rerum nihil cupiditate distinctio delectus. Reprehenderit non sed ab facere ipsam veniam. Consequatur officia omnis tenetur sed aut.',0,0,'1976-09-21 05:23:58'),(52,4,1,'Iusto dolore natus consequatur debitis. Dolores qui nobis nihil facere aut qui. Nisi temporibus quasi beatae fuga rerum velit. Repellendus nesciunt et enim.',1,0,'1991-06-02 18:58:25'),(53,7,8,'Quia culpa quia autem excepturi autem. Temporibus recusandae eos beatae sunt. Maiores maiores et pariatur harum vel rem fugiat.',1,1,'1998-11-19 00:56:28'),(54,3,4,'Iusto in at aut et voluptatem. Nesciunt earum ut voluptatem. Consequatur laudantium maxime odit ut. Tenetur velit sit molestiae nesciunt.',0,1,'1974-09-15 08:28:39'),(55,2,3,'Nesciunt alias in repudiandae voluptatem rem quasi. Tempore ad nihil facere ea veniam. Ea quo cum consectetur est aut impedit illo.',1,1,'2004-07-17 11:21:05'),(56,4,6,'Odit pariatur itaque ut quo eligendi laudantium sapiente. Saepe minus quisquam repellat voluptatem nihil labore. Impedit sed aut ipsam deserunt et. Dolore molestiae ut eos sed et.',0,1,'2007-07-12 01:13:21'),(57,8,5,'Sit vitae ut totam rem illo. Mollitia et qui aut ipsum. Quia ut exercitationem quidem minima a.',0,1,'1995-05-09 03:21:02'),(58,5,8,'Non asperiores eveniet adipisci sed tempora aut aliquam. Facilis occaecati eos delectus est officia ea molestiae incidunt. Non omnis et deleniti placeat laudantium sit. Iusto aliquid ullam perferendis. Eum odit omnis qui id voluptatem accusamus dolor.',0,0,'1972-04-22 16:22:45'),(59,6,4,'Sint aut ipsam adipisci minus amet. Vel illum quam dolore tenetur et. Doloribus debitis asperiores delectus non.',0,0,'2007-08-25 07:33:11'),(60,5,2,'Nihil natus laborum mollitia eveniet distinctio. Deleniti modi accusantium quia dolores eos voluptatibus et. Perferendis nihil a et iusto consequatur ad qui. Similique omnis delectus est porro.',1,0,'1983-10-29 11:05:25'),(61,3,5,'Non sit molestiae velit qui. Nisi aut aliquam velit dolorum voluptates magni qui. Facilis sequi necessitatibus et.',1,1,'2019-10-30 16:50:53'),(62,7,9,'Sequi saepe consequatur veniam qui impedit ab. Voluptatum sed quis sed adipisci consequatur magnam. Eveniet fugit est possimus ad itaque quo eveniet est. Praesentium quo repellendus ut inventore.',1,0,'1981-05-20 07:30:07'),(63,9,9,'Ullam facilis vero omnis. Voluptatem odit enim sit sapiente ratione. Non ipsum quo inventore beatae quisquam eius. Beatae velit sint non quaerat reiciendis et consequatur mollitia.',1,0,'1980-02-05 00:06:36'),(64,6,4,'Sequi cum et aut officiis qui nam quisquam. Sunt recusandae at ad hic optio accusamus. Id fugit non nihil.',1,0,'1987-12-06 05:20:23'),(65,6,8,'Aperiam saepe mollitia fuga eligendi explicabo sed tempore. Consequatur exercitationem blanditiis magnam qui. Voluptatibus quos reiciendis qui eaque culpa facere amet veritatis.',1,0,'1987-11-16 15:47:16'),(66,5,7,'Officiis est est sint ut modi. Minus neque voluptatum neque quia molestiae voluptatem. Id fugiat dolor fugit accusamus. Sapiente ut pariatur omnis mollitia.',1,1,'2009-06-17 04:11:18'),(67,6,5,'Animi sit est ad. Sunt qui aut ut delectus. Optio minima dicta voluptas qui sed voluptas. Reiciendis ut corporis atque nam sint.',0,0,'2001-06-21 15:05:50'),(68,4,8,'Ab et rerum molestiae voluptates laudantium veniam quibusdam. Autem distinctio modi et explicabo.',0,0,'1980-01-08 11:53:22'),(69,1,8,'Rerum quae architecto consectetur. Velit autem nulla natus atque error minus. Optio inventore dolores sit eligendi praesentium. Totam laboriosam similique laboriosam maiores nisi dolorum.',1,0,'1999-12-09 08:24:11'),(70,1,3,'Et voluptates officia voluptas quia eos deserunt ipsa. Dolores et facere non vel veritatis. Officia quis ratione aut inventore voluptatibus quam. Quos aperiam voluptatem fuga labore. In eos dolores illum sint.',0,0,'2003-06-12 04:31:58'),(71,5,7,'Aperiam eos maxime voluptates exercitationem qui et sed sint. Error vero eum dolore. Magni autem est cum ipsam nam autem et et. Minima dolor ullam consequuntur consectetur aliquid.',0,0,'1990-01-31 16:08:52'),(72,4,5,'Blanditiis soluta porro ut non sint optio. Quia perferendis est dicta nostrum reprehenderit atque. Voluptas saepe suscipit rerum nesciunt ut cumque. Corporis consequatur vel distinctio.',1,1,'1980-11-14 22:16:37'),(73,7,7,'Ratione aut maiores odio enim id. Distinctio qui earum quo qui id. Maiores ea magnam voluptatum et expedita.',1,1,'1986-04-15 11:41:47'),(74,8,4,'Et qui porro assumenda totam quia ea. Dignissimos accusamus quas iusto molestiae placeat excepturi dolor. Dolorum quisquam est et magnam. Provident et doloremque fuga assumenda itaque aut repellendus. Laboriosam consectetur et id sunt quia sed dolor.',1,1,'1995-01-06 21:36:29'),(75,3,9,'Veritatis aut id perferendis voluptates. Vel non ut ipsa ut. Non ab expedita vero voluptate saepe neque. Accusamus quod ut sed vel dolorem id.',1,1,'1976-12-01 00:45:33'),(76,7,8,'Culpa iste veniam facere eveniet laborum alias dolores aspernatur. Vel ratione culpa dolorem est aut saepe. Cum minus molestias quia nesciunt est veniam. Vero unde laboriosam earum est.',1,1,'1993-01-30 22:29:09'),(77,1,8,'Voluptas eveniet vel dolorem nobis aut tenetur facilis ratione. Velit distinctio consequatur eos delectus. Et dolorem deserunt voluptate. Et aut recusandae et facere quis et quia.',1,0,'1995-02-10 19:04:00'),(78,3,3,'Amet corporis quia sed odio est deserunt. Autem molestias ducimus at minima hic qui. Quaerat ut officia hic et.',1,0,'1982-05-22 07:16:42'),(79,7,8,'Ea temporibus aut delectus. Veniam laboriosam et voluptatum magnam. Consequatur rerum cum non eveniet dolor. Quia asperiores tenetur officia et dolore. Commodi consequuntur enim laboriosam veniam eum rerum rerum.',0,0,'2011-04-07 18:25:42'),(80,6,5,'Doloribus in nobis consequuntur soluta laudantium expedita. Qui dolorem sit dolores porro iusto explicabo modi. Qui est dolorem corrupti ipsa possimus temporibus nulla. Expedita est magni vitae aut harum. Velit voluptas ut dolorem mollitia ut quae nihil.',1,0,'1980-11-01 01:21:05'),(81,5,2,'Commodi deleniti velit et et numquam. Velit dicta mollitia ipsum.',1,1,'2008-07-04 22:22:50'),(82,8,6,'Labore voluptate dignissimos sunt id. Aut veniam et dolores sapiente. Temporibus dolores repudiandae qui reprehenderit ut necessitatibus. Incidunt beatae aut soluta eum eligendi.',0,0,'2004-04-10 19:43:12'),(83,8,2,'Ut deleniti provident magnam. Et dolores molestias reprehenderit debitis voluptatem aliquam. Et repellendus ut excepturi excepturi sunt ratione veniam. Alias ut nostrum repellendus sed aspernatur voluptas laboriosam repellendus. A deleniti officia aliquid alias quia sit.',1,1,'2014-11-06 04:55:58'),(84,5,4,'Minima ad dolores saepe esse voluptatem nostrum accusamus. Recusandae unde temporibus impedit vel at. Quaerat id enim velit aut. Temporibus possimus molestiae quas et omnis rerum rerum.',1,1,'2008-12-04 22:10:54'),(85,1,6,'Eos recusandae non et. Ratione autem exercitationem nesciunt quod temporibus et adipisci. Quis voluptate et nesciunt laborum.',1,1,'1972-10-21 13:37:55'),(86,5,4,'Modi libero necessitatibus et. Quae aliquam facere et quis voluptates. Aut repudiandae vitae doloremque accusantium ad cum reprehenderit.',1,1,'1977-11-14 11:21:25'),(87,9,6,'Et totam quisquam ipsa in rem. Expedita minima velit ea. Dolor atque fugit eos rem sapiente architecto unde. Fugit voluptatum nemo explicabo in doloribus ad temporibus. Sed est at repellat.',1,1,'2001-06-02 11:50:48'),(88,4,5,'Et saepe in esse animi. Vel sit dicta occaecati in consequatur. Ex quibusdam architecto iusto maiores.',0,1,'1979-09-20 23:07:31'),(89,2,6,'Consectetur aut optio facilis quasi. Ut fuga aut repellendus autem magni repudiandae. Et rerum sunt itaque nihil non sed. Ut quo cumque aut autem laborum quo et.',0,1,'1995-07-03 02:04:04'),(90,7,4,'Harum et dicta laboriosam porro. Occaecati optio ut dolor commodi. Doloremque voluptate aspernatur illo cupiditate. Quia aperiam quia a labore.',0,0,'1976-11-05 03:19:39'),(91,5,9,'Labore vitae distinctio facere voluptas in delectus non. Inventore rerum eius ratione omnis mollitia reprehenderit rerum eum. Maiores sunt adipisci rerum repudiandae itaque.',0,0,'2017-09-01 02:31:14'),(92,9,1,'Sunt rerum qui qui alias deserunt molestiae ex. Et consequatur aliquam provident. Aut suscipit itaque quo in et nisi eveniet aut. Omnis aspernatur libero dolorem quis est quia exercitationem. Aut et soluta ipsam similique voluptatibus.',1,1,'2008-08-17 06:35:50'),(93,1,2,'Ut vitae qui et quas aliquid perferendis. In rerum omnis at sint perferendis mollitia id. Quis et sunt nulla sequi. Accusantium aut culpa sunt non pariatur distinctio quaerat maxime.',0,1,'1972-05-14 20:59:58'),(94,5,5,'Ratione maxime fuga quasi quibusdam itaque. Cum voluptatibus fuga laudantium quia facilis iste. Porro iure dolores id voluptatum. Natus sit earum asperiores.',0,0,'2018-07-21 00:14:53'),(95,2,2,'Tempore doloremque reiciendis ipsam sit. Rerum perspiciatis itaque cupiditate molestiae ea est ut incidunt. Maiores sint temporibus ad suscipit dolor. Optio eos cumque vitae facilis consequatur sequi.',1,0,'2020-03-24 08:38:23'),(96,9,6,'Eos atque cupiditate ut qui tenetur sed. Dolorum dolorem ducimus aut omnis et repellendus accusamus. Iusto alias similique dicta ut accusantium. Aliquam facilis voluptatem corrupti repellat qui aut repudiandae.',0,1,'1987-03-02 15:35:44'),(97,4,3,'Explicabo adipisci nobis iusto inventore ut. Saepe voluptatem sed et harum minima deleniti. Unde molestiae consequatur ea aut vitae aperiam praesentium. Quam in molestiae qui magnam quaerat. Velit occaecati dicta nam.',1,1,'1991-08-28 21:04:27'),(98,4,4,'Aut doloribus esse repellendus et quod officia. A rem illum est sint earum atque.',0,1,'1990-01-17 01:45:30'),(99,4,9,'Labore aliquam et aut repudiandae vitae praesentium. Qui sunt distinctio dolore velit quia. Nulla voluptates repellendus aut doloremque consectetur nam.',0,1,'1972-03-29 02:29:36'),(100,9,4,'Sint quam reiciendis numquam atque. Accusantium aut delectus consectetur autem quidem vel. Eius molestiae molestiae distinctio sit non voluptatum.',1,1,'1985-05-09 13:40:09'),(101,2,7,'Quod dolore unde et. Placeat maxime voluptatibus quia aliquam est explicabo. Illo in magni quisquam non enim architecto. Provident expedita provident hic.',0,1,'2016-07-05 06:56:24'),(102,7,9,'Quisquam velit fugit commodi nisi. Quaerat ut recusandae quis ipsum. Reiciendis incidunt commodi dolor. Sint quo nisi ea qui.',0,1,'1993-12-13 05:23:32'),(103,4,7,'Consequatur enim vitae ad asperiores animi dolorem est. Occaecati sit error iusto molestiae laudantium ut porro. Voluptatum pariatur expedita sed iusto.',1,0,'2019-10-10 03:49:26'),(104,8,4,'Ullam id ut quia. Quo aspernatur in non quia qui ut hic est. Sit qui sequi fugiat itaque culpa omnis sint. Aut ut nisi rem aut et.',0,0,'1994-07-28 17:36:26'),(105,4,1,'Corrupti asperiores libero adipisci et. Labore consequatur laborum accusantium est repellat molestiae. Omnis voluptatem aperiam velit sed aliquid qui iure.',1,1,'2010-08-20 15:47:11'),(106,2,3,'Quo incidunt sunt ipsam. Velit quibusdam sequi et ut voluptatem a consequatur. Laborum laudantium adipisci autem doloribus. Alias cupiditate perspiciatis et sit ex id ad.',0,1,'2020-01-24 08:11:16'),(107,9,6,'Sunt adipisci consequatur nisi architecto labore. Qui et dolore dolorum at beatae minus. Quis earum dolor ab et amet est. Voluptates voluptate vitae tenetur quaerat dolor et.',1,0,'1981-03-17 06:43:14'),(108,2,7,'Voluptas aperiam maxime assumenda iusto ipsum dolores est consequuntur. Aut autem ipsum architecto molestias. Fuga temporibus cumque et voluptate ullam pariatur consequuntur. Sed perferendis et dicta voluptates amet. Ipsum doloremque atque qui officia.',1,1,'1999-06-27 07:51:16'),(109,2,7,'Saepe veritatis sint ex id et et. Possimus voluptates fuga dolore quisquam omnis rerum fuga.',0,1,'1975-05-12 15:28:48'),(110,2,1,'Occaecati iste sed et facere ex voluptatem voluptatem illum. Nisi ex omnis harum incidunt ut nihil. Aut quibusdam veritatis dolorem aspernatur.',1,1,'1997-09-13 07:46:47'),(111,3,8,'Nihil et ipsum voluptas laborum earum nesciunt optio. Non quam dolor laudantium odio quo molestiae illum. Magnam nisi minima quis qui. Quia rerum eum rerum vel at laboriosam.',0,0,'1992-06-14 01:04:00'),(112,2,5,'Quia odio omnis nostrum architecto animi pariatur delectus. Sed eaque sunt quo aperiam sed. Porro necessitatibus consequatur iusto ut ipsum. Optio ut aperiam aliquam minus et. Quod et dolor aspernatur fuga ducimus qui atque.',1,1,'1976-09-08 06:50:59'),(113,7,8,'Voluptatem amet tempore voluptatem nihil quidem rerum. Et accusantium sint sed.',0,0,'2013-06-12 17:35:44'),(114,7,9,'Quas consequatur veritatis nihil voluptas. Illo nostrum nihil rerum velit nemo. Quisquam atque minus quo vel harum neque et.',1,1,'2004-03-20 17:57:19'),(115,1,7,'Neque quod libero hic earum quia sit. Rerum et excepturi enim. Consequuntur nobis quasi sequi ipsam.',1,1,'2012-08-23 01:53:36'),(116,4,2,'Laborum architecto magni placeat non. Optio magni error non eum qui ut ut. Hic rem aut tempora sed alias.',0,0,'2015-11-22 07:14:50'),(117,8,2,'Qui nisi ratione voluptas maiores aut. Omnis dolor laboriosam quas et minima voluptates quod. Molestiae qui delectus eum eaque occaecati ut aspernatur. Dolorem occaecati laudantium illum in.',0,0,'2015-05-06 09:33:36'),(118,7,8,'Vero et exercitationem quia. Delectus possimus praesentium et. Amet ut ut iste aut.',1,1,'1981-10-15 06:44:12'),(119,7,7,'Ullam sed ea ipsum et et. Dolores quibusdam laborum nam. Necessitatibus alias et animi repellat facilis.',0,1,'1987-05-27 12:58:09'),(120,4,3,'Ut libero laboriosam repellat quam facere sunt quasi. Deserunt dolorem enim illo eos aut ut asperiores. Dicta quae quae beatae. Qui aut aspernatur repudiandae odit eum non.',0,1,'1973-03-18 04:09:29'),(121,9,6,'Iusto rerum nostrum dolores officiis rerum. Itaque tenetur officiis aut sed provident provident itaque repellat. Culpa autem laborum provident vel ad.',1,0,'1994-10-03 14:03:56'),(122,1,4,'Ut nostrum modi at id ratione mollitia rerum. Mollitia quia consequatur deleniti. Voluptate omnis necessitatibus porro et. Consectetur rerum corrupti blanditiis excepturi fuga.',1,0,'2012-09-28 00:31:39'),(123,5,2,'Eius minima ut eveniet. Id aliquid asperiores asperiores expedita aperiam sit. Et velit distinctio minus corrupti voluptatibus voluptates voluptate. Saepe ducimus animi aut ea.',0,1,'1976-05-06 19:53:24'),(124,4,6,'Cum incidunt expedita voluptatem suscipit perspiciatis tempora suscipit eum. Non omnis voluptatibus non ullam ut labore debitis. Sapiente ut ea error et. Aut incidunt natus qui.',0,0,'1986-11-27 18:48:53'),(125,7,6,'Veniam repudiandae consequatur culpa animi. Architecto distinctio nisi est aliquid. Rerum aut ipsum quidem voluptatibus id voluptatibus sequi. Facere vitae natus illo ut voluptas ab.',1,1,'2009-12-09 23:26:57'),(126,5,1,'Qui nam debitis quam deleniti magni. Incidunt sed id provident sit sed numquam. Id culpa ratione repellat dolorem. Sapiente consequatur quo omnis.',0,0,'1982-01-07 02:18:04'),(127,8,7,'Consequuntur aut quidem sequi ipsa. Est omnis quas exercitationem aspernatur sit voluptas eius modi. Cupiditate quia provident repellat.',1,1,'1982-01-15 21:11:20'),(128,5,4,'Officiis eligendi cupiditate aliquid consequatur atque sit eos. Nobis et aut non provident ratione velit. Reiciendis a rerum vitae a. Voluptas quas deserunt magni illo.',0,0,'2008-10-25 12:38:01'),(129,1,3,'Iste ducimus dolores accusantium iusto quia voluptas maxime. Eligendi iusto sit nam aut et. Alias rerum qui asperiores minima odio tempora. Quisquam suscipit qui numquam repellendus mollitia quo.',1,1,'1970-03-06 11:56:23'),(130,6,1,'Quo consectetur et quibusdam neque et voluptatem. Eligendi neque aut ipsa perspiciatis. Rerum voluptatum sit vitae alias dolorem.',0,1,'2015-12-18 06:17:13'),(131,9,3,'Blanditiis natus rerum aliquam sint quaerat culpa quia. Ut sit sequi est sed sit suscipit. Ut magnam explicabo dolores maiores commodi exercitationem voluptatem.',0,0,'1972-05-16 05:22:11'),(132,8,9,'Consequuntur animi similique fugiat ea. Numquam aliquid odit rerum ut neque quia debitis. Et ut placeat itaque.',1,1,'1975-10-21 15:53:58'),(133,4,2,'Repellendus nihil velit aut minima. Adipisci natus necessitatibus est non quia amet molestiae. Optio veniam dolor quibusdam eaque molestiae porro. Ad consequatur iste voluptas hic eligendi.',0,0,'1985-05-14 23:24:41'),(134,6,6,'Id est dolores quidem dolorem nihil impedit. Ipsa commodi qui veniam illo blanditiis consequatur velit maxime. Ratione explicabo error sint ut.',0,1,'1977-01-27 09:51:16'),(135,8,5,'Vitae minima voluptas sunt hic ut cum. Doloremque ducimus earum quia.',1,0,'1993-01-27 01:07:51'),(136,1,4,'Ipsam ducimus aperiam eum molestiae. Tempora aut aut ratione eius veritatis cumque.',1,0,'1984-09-30 17:09:49'),(137,7,5,'Veniam qui aut id velit. At nesciunt omnis omnis consequatur est nisi. Quibusdam ut sed nam eius maxime.',1,0,'1985-03-04 02:53:51'),(138,4,1,'Voluptates quaerat odit tempore est pariatur modi voluptatem ullam. Fuga sunt voluptates et possimus blanditiis velit. Asperiores laboriosam consequatur suscipit expedita ut.',0,0,'1997-12-31 02:36:49'),(139,5,2,'Porro non magnam quos tenetur perferendis facilis. Explicabo fuga veniam est in. Et ut voluptatem ut aliquam. Quo odio enim labore quia repudiandae aut illo.',0,1,'2018-07-06 09:17:39'),(140,1,8,'Et quos dolore ut quasi excepturi. Ut vel occaecati ut quisquam quidem voluptatum. Libero ratione dolor voluptates dolores. Facere totam suscipit rerum quam tempore ratione.',0,0,'2000-04-18 03:18:45'),(141,3,9,'In et est commodi eligendi ut corrupti sunt. A et aut doloribus eius fuga quis corrupti. Magnam iusto ratione sunt qui exercitationem voluptatem error. Velit voluptatem soluta omnis dolores.',1,1,'1992-01-25 05:37:57'),(142,4,5,'Sequi culpa labore nostrum omnis enim non. Expedita similique assumenda id dicta qui quidem deserunt possimus. Sit dolor rerum non dolore. Omnis ut quo consectetur quia. Fuga nesciunt atque optio distinctio aperiam harum.',0,1,'1974-12-05 13:56:03'),(143,9,8,'Praesentium amet in alias optio. Sit laboriosam est fugiat expedita impedit. Vel dolores consectetur laborum aut libero mollitia vel iusto.',1,0,'2013-02-04 18:22:20'),(144,7,1,'Dolorem at aspernatur animi nulla. Magnam iure itaque enim ad nesciunt fugiat dolores. Perferendis fugiat soluta eos illum.',0,1,'1977-06-24 15:07:59'),(145,8,5,'Quam ipsum laboriosam omnis tempora animi voluptas. Aut qui impedit deleniti nam. Voluptatem doloremque similique molestias voluptas sed est voluptatem.',1,0,'1994-04-15 03:00:12'),(146,2,2,'Officiis hic labore dicta eius repudiandae. Et quia distinctio veniam qui corrupti et et. Aliquid officia expedita recusandae qui repellat ut est consequatur.',0,1,'2005-09-16 18:57:45'),(147,3,1,'Asperiores necessitatibus et ut at qui. Tempore in saepe dolorem mollitia deleniti eos dolore omnis. Molestias odit perspiciatis omnis sunt.',1,1,'1977-10-04 12:17:39'),(148,2,2,'Consequatur dolor aperiam debitis quasi illo et. Odit est rerum beatae animi vel alias laborum. Sapiente dolorum ut ab. Soluta neque minima delectus corrupti.',1,1,'2006-05-05 19:10:28'),(149,4,2,'Corrupti voluptates possimus deserunt atque. Nemo qui necessitatibus quia minima autem quaerat. Quo enim voluptate velit consequatur quis. Aliquam voluptatem ipsum alias consequatur. Porro in nisi enim sit beatae maxime consequatur.',1,0,'1991-08-27 08:49:33'),(150,9,9,'Omnis quisquam quo adipisci voluptas tempore. Corporis reiciendis ducimus quia et accusantium consectetur. Ipsa ut rem et odit. Voluptate numquam velit deserunt omnis quo.',1,0,'1998-01-16 02:14:46'),(151,5,2,'Esse ea aut quae dicta sunt aut esse. Ea unde doloremque officiis vel quam dolorem non. Fugiat omnis accusantium perspiciatis illum iste nam.',1,0,'1999-03-30 20:07:33'),(152,9,4,'Natus quo eos voluptatem quaerat exercitationem est voluptatem. Reprehenderit accusamus suscipit autem. Velit sequi tenetur rerum voluptas facere dolores. Natus debitis sit quia rerum.',1,1,'1988-06-10 23:56:32'),(153,2,7,'Suscipit facilis eaque quis consequatur. Quam illum sit sit nam porro. In possimus distinctio est est neque qui.',0,1,'1986-11-29 23:02:57'),(154,7,8,'Eum quidem voluptatem necessitatibus consequatur unde. Sed doloremque aut architecto rerum reprehenderit. Omnis est dignissimos maxime optio facere similique. Modi nesciunt omnis aut at consequatur ut quae.',0,0,'1998-06-27 11:31:45'),(155,6,5,'Facilis natus ut dignissimos vel minima est. Dolores quaerat autem cumque necessitatibus et. Odio temporibus voluptatum odio a. Placeat magni fugit laboriosam reprehenderit.',0,0,'2001-03-14 09:11:54'),(156,3,6,'Quis eveniet quasi autem ipsum labore et odio eius. Repellat voluptate nam iusto saepe voluptas. Nam quis rerum eius veritatis assumenda nobis rerum.',1,1,'1999-11-24 15:24:44'),(157,1,5,'Ullam incidunt molestias eveniet provident earum. Nesciunt beatae autem rerum. Voluptas et quas dolor eum ex quod labore. Tempora voluptate et doloremque quas aut quisquam quo.',0,0,'2005-11-24 04:35:57'),(158,7,7,'Sed inventore ea nihil a possimus. Quisquam dolores qui non tenetur. Necessitatibus eos asperiores quod et dolor nostrum ea explicabo. Et natus ea in dolorem veritatis sed architecto.',0,1,'2008-01-20 15:04:05'),(159,8,6,'Consectetur odit cumque adipisci aut eaque. Quam officiis temporibus ea animi minus quibusdam.',1,0,'1983-10-30 23:07:25'),(160,4,6,'Necessitatibus voluptatem nam dolores a quidem id quibusdam. In nam placeat at corporis porro provident quas. Et a quis laborum aperiam sed repudiandae.',1,1,'1983-07-18 02:59:28'),(161,7,2,'Et nostrum esse error voluptates expedita voluptatem nemo. Quidem aut non molestiae natus est quos.',1,1,'2005-09-08 02:23:41'),(162,5,4,'Sapiente itaque culpa totam quis. Quia nihil est vel aperiam ratione dolorum perspiciatis. Quae eos eos occaecati magni. Reiciendis aperiam qui aut totam iste.',0,1,'2011-12-26 15:58:24'),(163,1,7,'Eligendi et ut id nihil. In repellat sunt eos nihil ad voluptatem. Aliquam incidunt cupiditate sint architecto ducimus exercitationem et. Est natus delectus atque voluptas laudantium minus adipisci.',1,0,'2000-07-25 15:10:51'),(164,2,2,'Et animi in aliquam praesentium provident. Sit qui sit sint magni ipsam voluptates.',1,1,'2008-03-22 18:24:58'),(165,4,3,'Voluptates rem ipsa in laborum amet corrupti dolor. Aut est qui libero quaerat consectetur. Reiciendis dolorem soluta minus in illum rerum reprehenderit.',0,0,'2012-07-25 16:54:47'),(166,9,1,'Sint rem esse blanditiis magnam explicabo odit. Quos voluptatem quaerat unde quis.',1,0,'1978-09-04 04:30:46'),(167,1,3,'Quis odit aut velit cum asperiores. Aliquam perferendis nam ea excepturi adipisci qui. Enim deserunt praesentium eos voluptatem. Beatae tempore laboriosam dolorum autem. At officia saepe maxime amet dicta dolor.',1,1,'1984-10-03 11:37:59'),(168,5,4,'Eum ut delectus quia est repudiandae eum eos. Fugit dolorem praesentium voluptatem corporis esse repudiandae et. Ea cupiditate qui voluptatibus.',0,0,'1982-06-19 15:18:22'),(169,2,9,'Sunt qui eum nemo blanditiis aut. Et officiis vel modi est nisi. Saepe iste consequatur totam. Nostrum incidunt laborum qui culpa.',0,0,'2003-01-22 12:05:44'),(170,4,4,'Iusto dolorem debitis blanditiis. Quaerat perferendis nulla ipsum reprehenderit est sed.',0,1,'1986-09-17 04:28:52'),(171,3,3,'Harum eligendi nobis deleniti debitis laborum enim aut rem. Tempore deserunt quae velit sapiente quisquam qui. Quasi numquam id est deleniti.',0,0,'2011-11-30 18:10:50'),(172,4,2,'Consectetur quis sit molestiae consequuntur. Velit reiciendis vero pariatur. Facere nihil debitis nesciunt qui.',1,1,'1987-07-19 13:59:23'),(173,7,1,'Quis ex incidunt culpa numquam necessitatibus. Explicabo fugiat ducimus aut dolor. Dolorem expedita laudantium odio repudiandae reiciendis. Qui voluptatem debitis unde illum a ut.',0,1,'1996-03-29 09:09:43'),(174,8,4,'Harum aut odit excepturi accusamus a ut in. Minima ea unde magnam vel impedit aliquid. Doloremque ut quia aliquid esse rerum. Architecto ex mollitia aut veritatis et magni vero eos. Illo ut molestias tempora ipsum aut.',1,0,'2016-06-13 14:02:05'),(175,5,2,'A deleniti nemo officiis et ipsum iusto. Animi quod accusantium vitae iure. Laborum dolores quidem aut molestiae vel porro quia.',0,1,'1994-07-19 03:02:52'),(176,3,6,'Eum quos blanditiis minus nihil natus. Autem doloremque soluta at ex et dignissimos itaque. Minus recusandae est deserunt ea et.',0,1,'1998-03-18 01:02:12'),(177,9,4,'Delectus cumque enim hic. Consectetur inventore quaerat ut quia.',1,0,'2009-07-28 18:48:28'),(178,7,2,'Quidem beatae mollitia ut enim sequi iure praesentium. Ea enim adipisci et sed. Recusandae quod commodi provident ipsum repudiandae dolore sit. Omnis ratione expedita ea sequi culpa.',1,1,'2006-03-02 10:49:55'),(179,8,1,'Molestiae architecto ducimus ex recusandae consectetur consectetur. Ut est impedit iure velit. Voluptate omnis nisi aliquam officia ipsa. Rem quasi fuga possimus qui dolorem consequatur enim.',1,0,'1998-05-12 05:55:58'),(180,7,8,'Est laudantium aut non sunt ut beatae eaque aut. Voluptate voluptatem sequi cupiditate architecto. Est quas minus molestiae quia. Ut totam minus delectus repellendus blanditiis aperiam iure.',0,0,'1995-07-23 17:02:35'),(181,8,4,'Nulla quis quam sint deleniti ut odio laudantium. Enim quia nostrum porro quis. Voluptatem delectus qui quasi est.',1,0,'1980-01-01 06:16:49'),(182,2,5,'Aliquam repellat error dolor rem qui earum. Unde qui repellat id officiis commodi adipisci. Qui sequi iusto sequi placeat.',0,1,'1977-11-03 17:34:28'),(183,2,5,'Veniam non dignissimos a est. Soluta doloremque iure laborum alias enim sit ducimus. Itaque qui quas voluptates voluptates expedita deleniti commodi.',0,0,'1997-11-03 04:41:36'),(184,3,2,'Omnis id tenetur aut ut. Dolor doloribus aut ad necessitatibus laudantium. Ducimus dolor aut reprehenderit.',1,1,'1985-07-26 16:05:23'),(185,5,4,'Animi voluptas quo est. Aspernatur qui vero dolore nihil sint ea. Amet hic quia dolorem ratione voluptatem.',1,0,'1988-09-02 02:34:04'),(186,3,4,'Dignissimos dolorem hic recusandae nihil. Voluptas nemo et quam ipsum dicta possimus velit dolorum. Officia autem quia dolores consequatur ex culpa possimus placeat.',0,1,'1979-02-14 00:45:44'),(187,7,1,'Et aut aliquam consequuntur perferendis repudiandae. Aut est ratione dolores laboriosam cum sint ratione. Rerum consequatur aut illo.',1,0,'1973-10-09 09:51:43'),(188,6,8,'Impedit vel quo suscipit voluptate. Autem quas magnam nemo voluptatem. Non laboriosam nulla consequatur pariatur.',1,1,'2008-06-28 22:12:08'),(189,2,3,'Culpa qui dolores dignissimos nam. Aspernatur nulla nulla nisi voluptas eius saepe. Sit aliquam quo et.',1,1,'1997-04-12 10:48:12'),(190,2,3,'Quam ratione eius et voluptatum animi voluptas est. Nam occaecati vel veritatis voluptates eos. Iure doloribus amet aut modi est doloribus molestiae et. Reiciendis ducimus voluptatem provident nesciunt voluptas voluptas aliquam. Cumque esse nesciunt eligendi molestias eum dolores aut.',1,1,'2017-07-23 14:59:18'),(191,8,1,'Nesciunt est sint ad rem. Facere a qui explicabo aliquid accusantium. Exercitationem unde voluptates veniam maiores eos facilis rerum magni. Sapiente ea et eos est qui laborum.',1,1,'1970-04-03 00:15:49'),(192,1,8,'Ratione aut perferendis veritatis. Ut necessitatibus consectetur accusantium totam neque eveniet. In voluptatem quidem tenetur rerum dolore recusandae quod.',0,0,'2002-07-28 03:42:42'),(193,6,5,'Sint et voluptas tempore vitae dolorem et tempore. Eos labore eius possimus ab. Aut consequatur cum nemo ratione.',1,0,'1984-12-04 17:25:29'),(194,6,9,'Molestiae id at est quaerat. Voluptatem dolor suscipit necessitatibus repudiandae. Et voluptas et placeat incidunt impedit.',0,1,'1976-10-31 11:59:06'),(195,4,2,'Et aut quod facere ipsam. Esse numquam ea ipsum atque nihil aspernatur veniam. Perspiciatis qui vitae nostrum qui nostrum. Iusto libero consequatur eveniet architecto illum nostrum. Vero natus et incidunt debitis.',1,0,'2002-01-23 11:04:51'),(196,7,7,'Quibusdam iure consectetur facilis tenetur esse incidunt et. Commodi vitae inventore et voluptatem. Ratione ea repellendus totam est saepe aut. Eos aut quos modi et blanditiis enim ut ut.',1,1,'1975-10-07 03:32:39'),(197,5,2,'Maxime possimus aliquam nesciunt iusto rerum. Recusandae id dicta et commodi cumque pariatur ab. Maiores sunt cum nulla dicta provident. Expedita reprehenderit nemo eligendi aut.',0,1,'1972-02-21 18:22:46'),(198,3,6,'Et quo quod quae quisquam occaecati reprehenderit. Temporibus aut dolor unde ipsam excepturi. Qui quae doloremque non.',0,0,'1993-04-14 07:46:48'),(199,9,4,'Quis velit soluta corporis suscipit. Quasi ea consequatur voluptas rerum. Rerum voluptatibus minus ex adipisci voluptatem non. Est rerum perferendis provident.',0,1,'2000-10-14 20:42:54'),(200,9,4,'Minima ea voluptates sapiente consequatur accusantium cupiditate optio. Voluptatem fugiat voluptatem aliquam magnam veniam suscipit. Porro nostrum quod sunt laborum consequatur.',0,1,'2005-04-05 07:06:54');
/*!40000 ALTER TABLE `messages` ENABLE KEYS */;
UNLOCK TABLES;

--
-- Table structure for table `profiles`
--

DROP TABLE IF EXISTS `profiles`;
/*!40101 SET @saved_cs_client     = @@character_set_client */;
/*!50503 SET character_set_client = utf8mb4 */;
CREATE TABLE `profiles` (
  `user_id` int unsigned NOT NULL,
  `gender` char(1) NOT NULL,
  `birthday` date DEFAULT NULL,
  `city` varchar(130) DEFAULT NULL,
  `country` varchar(130) DEFAULT NULL,
  `created_at` datetime DEFAULT CURRENT_TIMESTAMP,
  `updated_at` datetime DEFAULT CURRENT_TIMESTAMP ON UPDATE CURRENT_TIMESTAMP,
  PRIMARY KEY (`user_id`)
) ENGINE=InnoDB DEFAULT CHARSET=utf8mb4 COLLATE=utf8mb4_0900_ai_ci;
/*!40101 SET character_set_client = @saved_cs_client */;

--
-- Dumping data for table `profiles`
--

LOCK TABLES `profiles` WRITE;
/*!40000 ALTER TABLE `profiles` DISABLE KEYS */;
INSERT INTO `profiles` VALUES (1,'','2015-04-24','Mitchelltown','2','1971-09-08 15:32:33','1981-01-17 15:24:27'),(2,'1','1970-07-30','Neilberg','61','1977-10-14 23:48:25','2013-05-08 02:47:36'),(3,'1','1986-02-02','New Janelle','5','1997-12-02 22:50:03','1996-11-10 09:16:04'),(4,'','2002-04-29','Port Samirfurt','67824298','1997-01-13 18:07:04','1972-10-31 00:57:39'),(5,'','1979-11-05','Jadaville','89237124','1976-09-11 18:42:15','1996-10-25 15:18:33'),(6,'1','2004-07-28','Reymundoburgh','2652','1994-09-21 09:07:29','2014-02-03 00:37:04'),(7,'','1993-05-03','Lawsonside','50','2001-01-29 12:32:12','1972-12-20 01:41:27'),(8,'','1991-02-12','Hirtheport','22','1987-06-16 11:35:32','1970-04-25 10:34:31'),(9,'','2012-07-25','Cronintown','714','1988-01-06 21:24:18','2009-12-23 02:37:31'),(10,'1','1971-03-10','Gaylordborough','944577777','2006-11-04 18:44:33','2005-05-05 11:41:38'),(11,'1','2011-06-08','Trevionchester','','2017-04-17 01:18:16','2019-03-12 09:03:52'),(12,'','1983-04-23','Emorystad','335','1994-12-08 03:55:43','1998-10-15 13:34:32'),(13,'1','1990-03-23','Elishaport','','1998-09-27 10:11:28','1984-05-05 04:37:14'),(14,'1','1977-09-02','East Dana','65517623','2006-04-17 01:29:08','1976-06-03 08:54:28'),(15,'','1983-08-31','Kuhnview','39891','2002-12-21 11:23:28','1976-07-17 18:29:21'),(16,'1','1987-11-30','Gracielaland','2757','1985-01-20 21:11:07','2005-09-28 02:49:11'),(17,'1','1971-02-21','North Reinamouth','2826585','1985-04-01 16:23:01','1970-10-29 06:43:57'),(18,'','1977-01-11','Koelpinfort','701','1977-11-07 08:23:20','1997-06-21 06:10:45'),(19,'1','2009-04-30','Bartonmouth','166239','2005-10-02 04:41:14','1992-03-22 23:11:34'),(20,'1','1996-01-27','Lake Danial','263776569','1997-01-16 21:46:22','1990-04-11 17:40:17'),(21,'','1994-11-23','Cronafort','968','2003-09-03 01:28:25','1991-01-05 06:31:23'),(22,'1','2001-12-11','North Elmira','797375','1994-05-01 04:45:06','2014-02-06 23:11:10'),(23,'','2002-02-18','Sipesstad','7240','2002-02-16 23:09:09','1999-02-26 08:39:30'),(24,'1','1997-06-09','Purdyville','','2003-08-18 02:10:14','1998-10-26 01:24:24'),(25,'','1982-06-23','New Tillman','2','2008-04-14 01:09:26','2001-02-13 12:44:12'),(26,'','1998-09-21','Schinnerside','69479908','1995-05-14 14:38:19','1992-08-01 00:01:02'),(27,'1','1980-08-18','Port Ralph','47857','1973-03-29 13:56:42','1975-04-23 02:41:20'),(28,'1','1977-06-04','West Emeryfort','801690435','1975-01-18 04:57:27','1997-12-29 20:21:11'),(29,'','2000-01-01','Wunschton','41','1982-06-25 07:18:43','2010-10-08 22:09:56'),(30,'','1993-06-14','Harrisburgh','772','2009-10-10 07:26:03','1996-03-04 06:18:53'),(31,'','1994-05-07','New Clementinastad','58795','2019-10-16 03:03:22','1989-06-11 22:26:04'),(32,'','2019-03-29','New Reinhold','6','1987-04-29 05:15:21','1991-09-16 10:22:15'),(33,'','2015-08-19','New August','958516','2020-03-24 22:34:37','1987-05-10 00:49:20'),(34,'1','2000-09-09','New Jada','840860','1986-07-18 08:56:09','2015-11-21 13:15:58'),(35,'1','1995-12-13','South Marianna','23018','1970-06-18 12:41:27','2006-07-27 05:12:36'),(36,'','2018-07-14','North Idell','8291','1989-03-04 09:02:09','1996-02-19 23:02:51'),(37,'1','1989-02-28','Lake Mathiaston','995799','1971-11-02 18:11:27','1999-10-03 08:36:48'),(38,'','1972-10-14','East Domenic','9','1974-06-28 03:19:54','2012-05-25 05:03:10'),(39,'','2001-10-28','Lemkeberg','5','1990-11-04 15:11:28','2000-01-25 01:42:35'),(40,'','1977-02-05','Beckerberg','24','1997-12-12 03:22:03','2017-12-29 23:34:34'),(41,'1','2012-03-26','South Hillary','','2013-01-22 08:37:02','1984-08-15 02:33:32'),(42,'','1998-10-19','Port Sabina','61','2013-01-21 18:19:08','2003-01-08 15:19:06'),(43,'','1975-03-05','East Fredy','4','2000-08-07 21:47:07','1974-03-18 19:02:14'),(44,'','2004-09-29','East Savannah','2','1973-07-15 20:56:36','2009-09-14 04:00:55'),(45,'1','2015-06-23','West Ralphton','8948840','1976-04-26 23:00:19','2012-07-17 14:30:35'),(46,'1','2002-11-30','North Tyra','809785079','1985-02-23 03:29:02','2015-11-10 08:55:38'),(47,'','1983-04-07','Greenmouth','20483','1972-11-03 12:41:21','1995-05-16 09:01:50'),(48,'','1984-01-08','North Flobury','366483583','2011-07-14 17:13:05','1983-04-06 03:54:00'),(49,'','2014-10-17','Betsyberg','69267','1977-03-23 07:30:00','2003-11-27 04:27:24'),(50,'1','1998-06-11','Aryannahaven','864932830','1991-05-28 13:18:46','1984-03-01 13:07:10'),(51,'1','1977-08-11','New Arlene','6','2017-03-27 06:51:19','2004-10-18 18:40:06'),(52,'1','1986-06-08','West Marcellashire','546171704','2002-05-09 19:34:35','1975-06-04 01:22:41'),(53,'','1996-11-08','West Elmira','2961694','1988-05-16 17:46:24','1999-01-29 01:27:11'),(54,'1','1975-07-08','New Elmorefort','157','2000-06-12 08:02:55','1977-06-30 16:36:33'),(55,'','1989-07-24','East Madisen','65293','1990-07-08 13:06:35','2013-10-12 15:16:01'),(56,'1','1990-04-02','Lake Erikamouth','','1983-03-15 22:13:12','1989-03-24 04:14:52'),(57,'1','1983-09-21','Fredymouth','829','1993-05-29 11:58:05','2005-02-28 01:47:31'),(58,'1','1972-02-26','West Saul','83','1999-09-15 04:25:16','1986-04-04 02:30:59'),(59,'','1973-11-29','New Christop','','1974-10-12 04:25:19','1988-07-26 13:11:38'),(60,'1','2001-08-11','Melvinshire','616','1987-01-06 14:05:07','2016-04-09 13:27:10'),(61,'','1998-04-01','North Hiram','561672359','2008-06-17 15:23:30','2001-06-25 04:36:51'),(62,'1','2001-05-01','New Alexzander','6040','2011-08-08 11:24:31','1970-11-18 17:25:57'),(63,'1','1989-01-26','Lake Trudiebury','6058','1981-06-20 08:31:58','1997-11-10 07:18:15'),(64,'1','2018-10-15','Batzstad','4027660','2004-10-03 11:15:05','1978-01-23 12:59:34'),(65,'','2001-05-10','West Christopher','2240','2015-12-25 02:19:14','2020-01-19 09:32:46'),(66,'','2008-01-19','Paulmouth','62926','1982-03-13 16:16:19','1971-12-09 12:32:57'),(67,'1','1996-10-22','Lake Jennings','459','2018-06-16 21:52:09','1971-03-05 11:02:00'),(68,'1','1981-09-14','Raefort','59776','1977-01-06 02:31:55','2015-02-01 17:17:54'),(69,'1','1987-08-16','New Alejandra','53','2001-06-07 13:45:46','1996-05-17 13:16:22'),(70,'1','1998-03-13','Port Deonburgh','40','1976-06-19 07:47:15','1981-04-13 21:50:10'),(71,'','1987-03-30','Port Brionnaview','','1983-11-07 05:16:30','2005-05-22 20:33:14'),(72,'','1974-04-05','South Maynard','2877329','1990-06-05 08:51:43','1979-01-26 16:52:51'),(73,'1','2015-04-30','Keelinghaven','814337','1972-09-10 18:23:36','1988-03-02 17:10:54'),(74,'1','1978-11-16','Binsstad','81','2010-10-30 17:33:31','2016-09-14 18:38:44'),(75,'1','1984-12-01','East Elvera','','1970-06-30 17:14:23','2007-11-27 04:01:27'),(76,'1','1977-02-23','Stokesburgh','248670700','2014-11-25 04:04:47','1996-09-04 02:13:02'),(77,'1','1977-01-22','Lake Paolo','52361','2000-01-24 04:39:00','1971-02-14 01:05:20'),(78,'1','2009-05-25','East Gregoryland','65870','2016-01-28 09:39:34','1977-03-12 06:58:38'),(79,'','1991-03-31','South Haventown','31802387','1984-06-30 07:12:48','2003-08-22 20:31:21'),(80,'1','1989-11-13','Georgianaport','70428319','1998-03-08 17:35:37','2012-09-23 05:04:08'),(81,'1','1987-01-12','Ernserside','4885','2010-04-03 23:20:55','1997-12-08 17:37:47'),(82,'','1972-03-01','East Brayan','51118','2009-07-23 08:50:25','2015-09-25 21:31:50'),(83,'1','2011-01-03','Ileneville','','2014-06-22 06:26:38','2011-02-24 00:32:25'),(84,'','2015-08-13','Lake Artland','2506824','1999-12-02 01:10:54','2014-10-21 10:17:49'),(85,'','2009-06-23','North Rowanville','27','2003-02-16 15:27:19','1997-01-04 20:38:40'),(86,'','1975-01-10','Libbyland','6','2011-11-15 15:41:12','2000-12-02 04:59:32'),(87,'1','1993-03-01','Danielton','2653899','2008-11-25 00:48:36','2019-08-15 15:00:19'),(88,'','2017-11-22','Lake Treva','','2013-04-08 15:00:12','2014-06-20 23:18:23'),(89,'1','1994-06-25','Kaileeville','45','2011-07-12 05:05:29','1992-06-12 18:57:24'),(90,'1','1979-08-07','South Efren','80380','2016-07-21 16:33:32','2019-09-25 03:25:49'),(91,'1','2018-04-26','Amarachester','32049161','2015-07-01 03:55:50','1982-07-22 08:14:43'),(92,'1','2019-10-03','Ratkeshire','94','1986-03-26 06:30:56','1995-03-07 09:36:20'),(93,'1','2000-11-26','East Philip','4980','2010-04-08 18:33:25','1994-12-16 06:21:51'),(94,'','2010-11-19','Lake Hipolito','29873439','2007-09-02 08:29:27','1986-01-27 17:21:55'),(95,'','2012-01-09','Lamontland','1542','2007-11-25 02:48:06','2010-08-20 05:15:55'),(96,'1','2016-12-16','Streichmouth','7244844','2005-08-02 12:28:54','2017-05-18 18:45:58'),(97,'','2016-11-01','Christianbury','38708','2002-03-19 21:20:48','1988-06-23 04:50:21'),(98,'1','1992-05-20','North Brendaport','3','1974-02-09 03:19:42','2004-02-05 12:27:57'),(99,'','1979-02-22','Pagacmouth','275885','1982-07-29 03:05:46','1983-01-18 06:45:58'),(100,'1','1994-11-22','North Henry','','2006-06-04 04:53:46','1993-06-08 19:58:04');
/*!40000 ALTER TABLE `profiles` ENABLE KEYS */;
UNLOCK TABLES;

--
-- Table structure for table `users`
--

DROP TABLE IF EXISTS `users`;
/*!40101 SET @saved_cs_client     = @@character_set_client */;
/*!50503 SET character_set_client = utf8mb4 */;
CREATE TABLE `users` (
  `id` int unsigned NOT NULL AUTO_INCREMENT,
  `first_name` varchar(100) NOT NULL,
  `last_name` varchar(100) NOT NULL,
  `email` varchar(100) NOT NULL,
  `phone` varchar(100) NOT NULL,
  `created_at` datetime DEFAULT CURRENT_TIMESTAMP,
  `updated_at` datetime DEFAULT CURRENT_TIMESTAMP ON UPDATE CURRENT_TIMESTAMP,
  PRIMARY KEY (`id`),
  UNIQUE KEY `email` (`email`),
  UNIQUE KEY `phone` (`phone`)
) ENGINE=InnoDB AUTO_INCREMENT=101 DEFAULT CHARSET=utf8mb4 COLLATE=utf8mb4_0900_ai_ci;
/*!40101 SET character_set_client = @saved_cs_client */;

--
-- Dumping data for table `users`
--

LOCK TABLES `users` WRITE;
/*!40000 ALTER TABLE `users` DISABLE KEYS */;
INSERT INTO `users` VALUES (1,'Taryn','Welch','myrl74@example.com','08548889999','1987-10-19 19:11:17','1989-05-17 21:43:38'),(2,'Francisca','Veum','erdman.thalia@example.net','(115)838-2376x785','1973-03-25 00:14:52','1976-02-08 02:53:51'),(3,'Yolanda','Reinger','xgreen@example.com','(073)076-6250x05143','1975-02-23 01:40:35','2001-01-21 06:40:19'),(4,'Darius','Rosenbaum','carli.romaguera@example.com','(123)682-9769','2013-03-20 23:02:52','1984-06-07 07:08:49'),(5,'Ansel','Torphy','kennedy.johnston@example.net','(887)898-2946x860','1998-10-12 05:52:41','2018-05-27 20:52:33'),(6,'Tyreek','Schinner','rgorczany@example.net','1-882-290-6362','2009-01-11 15:55:10','1979-09-27 08:46:09'),(7,'Devyn','Lowe','vvandervort@example.net','1-597-233-7927x5998','1990-05-03 10:01:50','2005-01-30 02:25:51'),(8,'Grover','Welch','thahn@example.net','853-876-1979','1970-01-12 07:28:34','2020-04-17 00:50:53'),(9,'Jessy','Raynor','patrick.schultz@example.org','1-884-147-6080','1995-12-26 03:56:39','1971-11-27 08:32:54'),(10,'Karl','Reilly','kgreenholt@example.net','(567)054-2233x522','1981-09-17 13:17:35','2006-02-09 16:54:55'),(11,'Karolann','Casper','marquardt.winifred@example.com','091-711-1097x840','1971-02-06 11:59:29','1997-02-13 19:15:33'),(12,'Elna','Heathcote','griffin.howe@example.com','(374)853-7940','1975-10-24 13:07:01','1976-08-01 18:38:42'),(13,'Pearl','Lueilwitz','fleta27@example.net','(427)905-5617','1989-03-06 19:52:00','2008-05-27 12:36:33'),(14,'Humberto','Orn','bdaniel@example.net','389-497-8112x92493','1983-02-13 06:15:02','2013-10-13 18:42:49'),(15,'Angelina','Blick','qtorp@example.net','1-003-845-5577x040','2009-09-04 13:24:07','1983-05-31 04:08:14'),(16,'Winona','Keebler','madonna.ankunding@example.org','846.175.6539','1984-03-26 18:11:29','2002-08-11 18:01:23'),(17,'Daphney','Kuhic','jakob01@example.org','+55(6)5085318972','1996-01-02 01:23:34','2010-05-05 13:56:43'),(18,'Amiya','Bins','isom.harvey@example.com','(933)390-8214','1976-08-21 14:31:49','1988-12-06 20:40:31'),(19,'Jillian','Volkman','kevin.goldner@example.com','1-610-223-2851x577','1970-11-29 07:39:52','1993-10-23 10:07:43'),(20,'Giovani','Mayer','demarcus45@example.net','+56(3)3640696605','2004-02-07 12:43:28','1992-09-01 07:16:46'),(21,'Felicita','Wolf','oren.spinka@example.net','(699)323-2200','1981-02-17 11:47:45','2005-12-10 03:10:34'),(22,'Makayla','Kerluke','ignacio53@example.org','(045)763-7345x941','1975-06-30 07:20:07','1995-07-22 12:51:53'),(23,'Genevieve','Stoltenberg','tstrosin@example.net','853.193.3440','1980-02-21 12:13:44','2018-08-02 08:16:19'),(24,'Kailee','Klein','elizabeth.moore@example.org','1-834-659-7716x34519','1985-02-03 16:45:18','1994-11-07 03:37:35'),(25,'Llewellyn','Beer','dayna09@example.net','05305866765','1975-02-08 20:02:35','2015-02-26 04:07:24'),(26,'Glen','Stehr','hermann.christy@example.net','745-235-1350x97025','2003-01-01 05:40:25','2005-12-13 03:20:27'),(27,'Moses','Schuster','austin53@example.net','420.883.6407','2001-04-04 11:13:47','1985-04-19 11:41:48'),(28,'Earnestine','Lesch','hettinger.art@example.net','1-810-408-6037','1991-01-29 04:15:01','2019-03-11 05:32:20'),(29,'Angelica','McKenzie','randi00@example.com','837-187-4630x619','2007-12-15 21:21:50','2007-10-02 06:38:40'),(30,'Jamir','Olson','lowe.maryam@example.com','1-230-622-9001','2014-11-20 05:49:26','1999-11-19 07:01:44'),(31,'Marlen','Mraz','lola76@example.com','(701)551-8557x78281','1973-05-02 23:44:29','2014-12-16 02:25:16'),(32,'Jamir','McGlynn','thad28@example.com','464-174-2049x440','2012-01-03 07:00:45','2000-03-13 20:15:17'),(33,'Hershel','Brown','sporer.enrico@example.com','07110033387','1982-06-04 23:54:06','2011-03-02 00:41:45'),(34,'Ahmad','Stark','xtreutel@example.com','1-609-035-7463','2004-05-30 23:22:24','2001-12-23 05:09:58'),(35,'Evangeline','Fay','rquigley@example.com','925.754.5112x81847','1991-05-16 18:19:35','1991-09-07 23:50:13'),(36,'Jose','Schiller','uriel.fritsch@example.net','945.267.2355x362','1993-10-21 10:14:55','1985-10-16 03:51:59'),(37,'Jermaine','Crona','reva.stroman@example.net','+93(1)0528461849','1985-05-29 09:56:41','1980-02-07 00:14:55'),(38,'Paul','Bradtke','naomi.runolfsson@example.org','05189894871','2007-10-16 10:39:46','2006-05-24 00:44:36'),(39,'Chadd','Brekke','qhartmann@example.net','708-910-7563x300','1982-01-07 13:46:21','2004-05-07 04:50:21'),(40,'Donnell','Zieme','richmond.mckenzie@example.net','(665)280-7553','1998-09-16 06:38:52','1974-12-02 16:59:58'),(41,'Akeem','McGlynn','aliyah81@example.net','(084)995-4024x42798','1977-07-03 15:38:41','2008-12-02 08:59:39'),(42,'Angelica','Klein','rosinski@example.net','1-308-207-0752x195','1985-04-20 23:50:30','2011-05-15 08:37:37'),(43,'Jaden','Bogisich','mireille.adams@example.com','+49(5)9265934915','2010-06-18 19:45:47','1975-08-29 02:52:13'),(44,'Dortha','Greenholt','adeline24@example.com','095.563.7696x04816','1973-09-22 17:59:32','2001-01-28 12:38:00'),(45,'Alexanne','Quigley','fay.ulices@example.com','(506)249-1893','1987-04-30 20:39:53','1993-07-17 15:58:14'),(46,'Theresa','Conn','evan00@example.net','(489)334-2750x10135','2019-10-27 14:15:16','2018-08-16 03:48:02'),(47,'Carey','Oberbrunner','terrill.rippin@example.org','(572)021-1239','1985-04-09 18:58:23','2017-02-05 16:14:49'),(48,'Maymie','O\'Hara','eichmann.monique@example.com','+93(3)0389784074','2006-02-22 01:18:24','2012-05-30 10:56:28'),(49,'Haley','Parker','jarvis29@example.org','+22(9)2897659916','1980-07-24 13:56:02','1976-10-13 09:30:36'),(50,'Alexis','Okuneva','fharber@example.net','238.775.9479x737','1980-09-24 02:08:30','2019-10-26 07:25:08'),(51,'Barton','Ratke','neichmann@example.org','1-371-993-9925x83472','1973-08-27 23:21:51','2007-10-23 09:48:59'),(52,'Rhoda','Mante','markus15@example.net','1-814-907-1741','2019-05-26 06:37:55','1974-06-24 16:03:07'),(53,'Kayden','Ullrich','wmorar@example.org','371.438.6181x87238','2014-10-11 04:06:19','1972-03-18 12:09:07'),(54,'Pamela','Lesch','nraynor@example.org','+23(6)2810311570','1975-11-01 12:02:51','2012-04-05 08:33:52'),(55,'Millie','Kris','keara21@example.com','1-374-579-9793x64355','2006-04-27 00:02:39','1975-03-21 09:40:32'),(56,'Lane','Powlowski','kub.louisa@example.com','(345)031-6850x4738','2019-06-30 01:36:05','1975-08-11 20:06:07'),(57,'Roberto','Rogahn','xgreen@example.org','1-921-041-3939','1983-08-12 23:32:09','1980-06-29 22:02:08'),(58,'Juvenal','Boyer','uyost@example.net','858-949-5474','1993-10-05 14:03:02','1977-06-17 23:21:18'),(59,'Cindy','Murray','alivia68@example.org','1-976-247-6119x052','2000-06-25 11:25:52','1974-03-10 02:17:25'),(60,'Maybelle','Hegmann','francesca62@example.org','592.395.6830x221','1972-01-30 12:57:00','2012-12-28 22:54:42'),(61,'Eriberto','Swaniawski','tillman.stroman@example.com','(013)925-6160x83284','2012-07-29 14:28:15','2004-09-19 08:54:45'),(62,'Susana','Hyatt','clara00@example.com','1-233-354-0296x9598','2011-04-14 22:25:44','1996-11-27 14:21:03'),(63,'Georgianna','Fay','xschmidt@example.org','710-941-3589','2020-03-28 15:14:31','1977-08-29 10:49:26'),(64,'Amparo','Kulas','amos.wolf@example.org','569-468-4704','1985-11-14 14:32:57','1992-08-11 23:36:09'),(65,'Guillermo','Rice','wisoky.winston@example.org','06775054512','1984-07-06 18:12:54','1993-09-21 04:02:02'),(66,'Ashlynn','Predovic','maye.dietrich@example.org','(610)570-3269x9381','2010-04-11 02:49:08','1983-09-14 06:26:02'),(67,'Avis','Kertzmann','dee82@example.com','01710834351','2020-01-26 18:59:15','1998-09-21 10:00:55'),(68,'Mireille','Prohaska','audra20@example.com','527.368.0447x576','2008-01-02 12:52:45','1970-01-03 17:48:11'),(69,'Ford','Braun','vnikolaus@example.com','(818)896-4739','1994-12-25 01:41:00','1971-09-30 09:15:40'),(70,'Keegan','Dooley','tlemke@example.net','608.048.4227x33341','1978-08-03 08:03:19','2013-08-01 15:37:01'),(71,'Tara','Langworth','hermiston.gia@example.net','1-765-137-5719','2014-08-26 20:01:02','2010-09-30 03:45:37'),(72,'Myrtis','Conroy','wheathcote@example.net','511.054.8125','2002-04-20 22:12:55','2010-06-10 11:54:27'),(73,'Vilma','Hackett','frami.armando@example.com','(094)308-9818x291','2012-07-24 08:13:18','2018-08-30 11:02:31'),(74,'Karl','Altenwerth','hboehm@example.org','475.529.7825x9570','2006-11-12 10:13:25','2000-01-25 19:46:13'),(75,'Michelle','Kilback','ara.conroy@example.net','967-944-9660x3871','1981-06-08 22:16:09','1987-06-11 03:27:11'),(76,'Jose','Buckridge','bode.shannon@example.com','(342)252-1080x308','2015-07-11 12:53:10','1985-12-27 17:10:18'),(77,'Celestine','Monahan','cassidy12@example.org','(922)217-3025x760','2007-10-05 02:07:56','1987-07-26 06:59:50'),(78,'Rashad','Gutkowski','lowe.emely@example.net','(111)961-5254x164','1978-11-24 12:49:53','2003-08-09 22:27:37'),(79,'Myriam','Tremblay','icorwin@example.org','961-197-6996x326','1978-08-29 04:36:21','2007-05-24 13:36:49'),(80,'Alf','Cassin','litzy.purdy@example.org','971-384-9624x5777','2009-03-18 00:20:49','1988-12-22 22:32:39'),(81,'Jovan','Gerhold','kcummings@example.org','(139)054-7809','1995-05-27 09:40:01','2013-01-28 05:19:22'),(82,'Anibal','Quitzon','nolan.roob@example.com','1-639-665-8555x928','1995-02-24 22:25:10','2019-09-27 03:00:29'),(83,'Clarissa','VonRueden','maverick27@example.com','(608)912-3544','1999-01-15 17:16:03','2018-06-03 23:02:03'),(84,'Marge','Kunze','reynolds.ezra@example.com','05433653069','2014-09-06 18:52:31','1979-08-26 00:36:21'),(85,'Alexie','Lind','tgerlach@example.org','1-957-547-4983','2016-06-02 18:52:03','2000-10-19 15:40:20'),(86,'Rubye','Kunze','jhoppe@example.com','00092675397','1989-01-23 15:45:19','2017-09-25 19:09:01'),(87,'May','Hermiston','funk.janiya@example.com','625-583-8065x0044','2000-09-07 03:54:05','2008-06-22 00:04:15'),(88,'Salma','Will','cremin.angie@example.org','+39(9)9661040935','2004-05-07 22:10:15','1980-09-22 23:53:19'),(89,'Scarlett','Price','beryl.streich@example.org','814.717.0770x654','2000-01-11 13:48:08','1997-11-29 12:49:06'),(90,'Sabrina','Wyman','beatty.concepcion@example.net','1-336-590-3664','1991-12-01 06:58:21','1989-09-14 19:01:21'),(91,'Austin','Cole','jazmyne.klein@example.net','298-368-9488x62922','1998-12-31 11:14:39','1985-08-16 20:03:09'),(92,'Itzel','Welch','murray.ryleigh@example.com','1-280-404-0166x4136','2009-06-25 02:17:28','2008-11-28 13:23:25'),(93,'Tracey','Hand','elliott.kilback@example.org','757-640-3001x6783','1994-03-05 08:41:54','1980-09-25 21:53:57'),(94,'Alice','Mosciski','missouri.kub@example.org','08033669582','2007-07-31 22:09:11','1982-04-11 11:46:03'),(95,'Donato','Fisher','gwendolyn10@example.net','01283009451','2018-06-08 01:29:40','1995-06-14 13:15:29'),(96,'Aaron','Rippin','kassulke.gennaro@example.org','789-859-8314','1979-12-04 12:38:32','1996-02-19 22:47:30'),(97,'Angelica','Mayert','strosin.kristin@example.org','07491456811','2018-04-28 21:50:06','2013-03-22 21:43:17'),(98,'Remington','Hand','miracle.watsica@example.net','1-129-715-4888','1979-11-22 06:14:34','2006-01-26 06:00:28'),(99,'Cleo','Kuhlman','reyes.mclaughlin@example.com','1-476-403-4252x297','2016-10-05 10:32:43','2004-07-29 00:24:06'),(100,'Shaina','O\'Keefe','axel.bergstrom@example.org','05346983048','2005-07-30 20:08:27','1972-09-09 07:07:18');
/*!40000 ALTER TABLE `users` ENABLE KEYS */;
UNLOCK TABLES;
/*!40103 SET TIME_ZONE=@OLD_TIME_ZONE */;

/*!40101 SET SQL_MODE=@OLD_SQL_MODE */;
/*!40014 SET FOREIGN_KEY_CHECKS=@OLD_FOREIGN_KEY_CHECKS */;
/*!40014 SET UNIQUE_CHECKS=@OLD_UNIQUE_CHECKS */;
/*!40101 SET CHARACTER_SET_CLIENT=@OLD_CHARACTER_SET_CLIENT */;
/*!40101 SET CHARACTER_SET_RESULTS=@OLD_CHARACTER_SET_RESULTS */;
/*!40101 SET COLLATION_CONNECTION=@OLD_COLLATION_CONNECTION */;
/*!40111 SET SQL_NOTES=@OLD_SQL_NOTES */;

-- Dump completed on 2020-05-02 19:05:26
