-- MySQL dump 10.13  Distrib 8.0.20, for Linux (x86_64)
--
-- Host: localhost    Database: bank
-- ------------------------------------------------------
-- Server version	8.0.20

/*!40101 SET @OLD_CHARACTER_SET_CLIENT=@@CHARACTER_SET_CLIENT */;
/*!40101 SET @OLD_CHARACTER_SET_RESULTS=@@CHARACTER_SET_RESULTS */;
/*!40101 SET @OLD_COLLATION_CONNECTION=@@COLLATION_CONNECTION */;
/*!50503 SET NAMES utf8mb4 */;
/*!40103 SET @OLD_TIME_ZONE=@@TIME_ZONE */;
/*!40103 SET TIME_ZONE='+00:00' */;
/*!40014 SET @OLD_UNIQUE_CHECKS=@@UNIQUE_CHECKS, UNIQUE_CHECKS=0 */;
/*!40014 SET @OLD_FOREIGN_KEY_CHECKS=@@FOREIGN_KEY_CHECKS, FOREIGN_KEY_CHECKS=0 */;
/*!40101 SET @OLD_SQL_MODE=@@SQL_MODE, SQL_MODE='NO_AUTO_VALUE_ON_ZERO' */;
/*!40111 SET @OLD_SQL_NOTES=@@SQL_NOTES, SQL_NOTES=0 */;

--
-- Table structure for table `accounts`
--

DROP TABLE IF EXISTS `accounts`;
/*!40101 SET @saved_cs_client     = @@character_set_client */;
/*!50503 SET character_set_client = utf8mb4 */;
CREATE TABLE `accounts` (
  `id` bigint unsigned NOT NULL AUTO_INCREMENT,
  `acc_num` varchar(255) DEFAULT NULL COMMENT 'Номер счета',
  `acc_val` bigint unsigned DEFAULT NULL COMMENT 'Остаток на счете',
  PRIMARY KEY (`id`),
  UNIQUE KEY `id` (`id`),
  KEY `accounts_acc_num_idx` (`acc_num`)
) ENGINE=InnoDB AUTO_INCREMENT=595 DEFAULT CHARSET=utf8mb4 COLLATE=utf8mb4_0900_ai_ci;
/*!40101 SET character_set_client = @saved_cs_client */;

--
-- Dumping data for table `accounts`
--

LOCK TABLES `accounts` WRITE;
/*!40000 ALTER TABLE `accounts` DISABLE KEYS */;
INSERT INTO `accounts` VALUES (1,'45912810800000000409',4044),(2,'45912810900000000273',74457),(3,'45912810300000000239',55501),(4,'45912810700000000402',13694),(5,'45912810400000000401',62927),(6,'45912810000000000403',163275),(7,'45912810900000000383',172951),(8,'45912810800000000386',5708),(9,'45912810401250000001',35813),(10,'45912810501020000005',114777),(11,'45912810200370000014',22647),(12,'45912810900370000013',18859),(13,'45912810100440000002',67855),(14,'45912810701060000001',13306),(15,'45912810301020000001',28504),(16,'45912810400300000017',23906),(17,'45913810800300000001',3479),(18,'45912810100300000016',21339),(19,'45912810000300000019',16054),(20,'45912810700300000018',16125),(21,'45912810800210000011',29831),(22,'45912810500210000010',92314),(23,'45912810400130000009',4892),(24,'45912810900140000007',9),(25,'45912810800220000014',491023),(26,'45912810500220000013',128474),(27,'47427810500240007275',793),(28,'47427810500230008514',1440),(29,'47427810800220008431',86604),(30,'47427810700270007113',1476),(31,'47427810700270007210',2054),(32,'47427810100210010113',2197),(33,'47427810000100002577',236),(34,'47427810000170004990',1843),(35,'47427810300140008778',1076),(36,'47427810400060002372',4765),(37,'47427810900150005129',6120),(38,'47427810100130006728',4853),(39,'47427810100180008909',3269),(40,'47427810600210010383',421),(41,'47427810900210010180',4042),(42,'47427810900290004640',1082),(43,'47427810800290005024',1558),(44,'47427810700300006505',152),(45,'47427810300340005571',15308),(46,'47427810700340005401',418),(47,'47427810000350005890',4556),(48,'47427810301020005188',7404),(49,'47427810701020005254',5468),(50,'47427810100380003539',304),(51,'47427810700350005776',31878),(52,'47427810000350005887',25314),(53,'47427810301130003355',1569),(54,'47427810301200002503',323),(55,'47427810300000012655',48967),(56,'47427810400000013460',23037),(57,'47427810200000013602',71154),(58,'47427810600000014340',6370),(59,'47427810700000014392',4191),(60,'47427810100000013838',876),(61,'47427810400000012995',4905),(62,'47427810400000013855',2369),(63,'47427810000000013585',132066),(64,'47427810600000014324',8345),(65,'47427810800000012537',1145000),(66,'45918810900000004600',63),(67,'45918810300000003874',74457),(68,'45918810400000002814',55501),(69,'45918810600000004670',13694),(70,'45918810300000004747',163275),(71,'45918810600000004609',62927),(72,'45918810000000004351',172951),(73,'45918810800000004412',5708),(74,'45918810101200000986',35813),(75,'45918810601020000022',114777),(76,'45918810700370000408',18859),(77,'45918810500370000417',22647),(78,'45918810000440000083',35604),(79,'45918810301060001116',13306),(80,'45918810101020000001',28504),(81,'45918810500300000047',23906),(82,'45918810200300000046',21339),(83,'45918810100300000463',3479),(84,'45918810100300000049',16054),(85,'45918810800300000048',16125),(86,'45918810800210000060',92314),(87,'45918810100210000061',29831),(88,'45918810100130000921',147),(89,'45918810700140000023',9),(90,'45918810200220001125',491023),(91,'45918810100220001050',128474),(92,'47425810500000008157',17977),(93,'47425810000350002154',46),(94,'47425810100210003203',40),(95,'47425810900000009947',635),(96,'47425810000000010137',321),(97,'47425810700170001460',18),(98,'47425810900060000575',48),(99,'47425810000140003172',11),(100,'47425810300230002204',14),(101,'47425810400270002261',15),(102,'47425810500220002289',21954),(103,'47425810500290002112',16),(104,'47425810700270002356',21),(105,'47425810100100000798',2),(106,'47425810600180003024',33),(107,'47425810300210003126',22),(108,'47425810800130002325',49),(109,'47425810201020003127',74),(110,'47425810200000009508',847),(111,'47425810100000010192',76),(112,'47425810101020003162',55),(113,'47425810900000010253',161),(114,'47425810700380001412',3),(115,'47425810300000009547',230),(116,'47425810000290001778',11),(117,'47425810300210003294',4),(118,'47425810900300002039',2),(119,'47425810001200001107',3),(120,'47425810400150002161',61),(121,'47425810700350002043',379),(122,'47425810400350002152',301),(123,'47425810401130001657',375),(124,'47425810300240002443',8),(125,'47425810300000009835',9),(126,'45115810100000000236',263895),(127,'45115810200000000123',69844),(128,'45115810400000000240',125600),(129,'45115810700000000238',219800),(130,'45115810000000000239',1567645),(131,'45115810400000000237',125600),(132,'45115810300000000052',486255),(133,'45115810100000000074',76230),(134,'45115810900000000164',33880),(135,'45115810500000000234',183533),(136,'45115810800000000235',268470),(137,'45115810000000000145',20405),(138,'45115810000000000190',21175),(139,'45115810900000000216',51205),(140,'45115810200000000181',769230),(141,'45115810000000000158',191730),(142,'45115810200000000136',11550),(143,'45115810700000000186',16555),(144,'45115810200000000217',14630),(145,'45115810800000000099',114730),(146,'45115810100000000100',10780),(147,'45115810900000000070',68530),(148,'45115810500000000072',10780),(149,'45115810400000000062',49280),(150,'45115810200000000039',18480),(151,'45115810300000000065',26180),(152,'45215810600000001703',656261),(153,'45215810400000001709',7255),(154,'45215810100000001711',71995),(155,'45215810200000001721',92195),(156,'45215810600000001716',135546),(157,'45215810200000001666',30016),(158,'45215810600000001541',49569),(159,'45215810200000001705',10582),(160,'45215810300000001650',301116),(161,'45215810900000001607',3271),(162,'45215810400000001657',52095),(163,'45215810400000001725',54590),(164,'45215810800000001710',2448),(165,'45215810800020000005',6434),(166,'45215810200000001734',202513),(167,'45215810500000001586',16974858),(168,'45215810300000001692',24020299),(169,'45215810000000001691',756171),(170,'45215810300000001731',1977),(171,'45215810000000001688',14658),(172,'45215810700000001690',41323),(173,'45215810200000001718',5950),(174,'45215810400000001644',224437),(175,'45215810800000001723',65927),(176,'45215810000000001730',95763),(177,'45215810700000001687',18593),(178,'45215810500000001735',1038),(179,'45215810100000001724',5900),(180,'45215810600000001693',1754),(181,'45215810300000001728',55843),(182,'45215810900000001717',4455),(183,'45215810800000001697',161741),(184,'45215810500000001696',105664),(185,'45215810600000001732',429937),(186,'45215810000000001701',3450),(187,'45215810600000001651',4000),(188,'45215810300000001702',248099),(189,'45215810400000001699',23048309),(190,'45215810701200000005',8430),(191,'45215810901130000001',117052),(192,'45215810501130000003',7701),(193,'45215810200360000006',1600),(194,'45215810900360000005',4744),(195,'45215810100360000009',8881),(196,'45215810800350000034',1460),(197,'45215810100350000035',8060),(198,'45215810100380000021',16517),(199,'45215810400380000022',3575),(200,'45215810700380000023',5653),(201,'45215810301020000012',139),(202,'45215810601020000013',4207),(203,'45215810901020000014',4945),(204,'45215810001020000011',4964),(205,'45215810201020000015',5890),(206,'45215810901060000003',3694),(207,'45215810300320000027',25092),(208,'45215810400350000036',15660),(209,'45215810100300000030',812),(210,'45215810400300000031',561),(211,'45215810700290000016',4442),(212,'45215810400290000015',3760),(213,'45215810900210000074',22766),(214,'45215810500210000076',3429),(215,'45215810600210000073',4326),(216,'45215810500210000063',5940),(217,'45215810200210000075',600),(218,'45215810300220000033',437400),(219,'45215810900220000035',3998),(220,'45215810700180000029',6244),(221,'45215810400180000028',12430),(222,'45215810500160000003',1774),(223,'45215810100130000035',4996),(224,'45215810300130000026',5850),(225,'45215810500130000033',2881),(226,'45215810700150000033',7962),(227,'45215810200140000048',88),(228,'45215810000060000001',15529),(229,'45215810100100000007',1376),(230,'45215810400100000008',7809),(231,'45215810400130000036',123467),(232,'45215810800130000034',107971),(233,'45215810200130000029',47396),(234,'45215810500050000003',3307),(235,'45215810200030000006',4527),(236,'45215810300060000002',4890),(237,'45215810500140000049',6054),(238,'45215810000150000034',501),(239,'45215810000170000027',19571),(240,'45215810700130000037',43799),(241,'45215810800100000006',5204),(242,'45215810700170000026',5981),(243,'45215810300210000072',7710),(244,'45215810000220000032',2396),(245,'45215810700220000031',1308),(246,'45215810900240000028',8143),(247,'45215810300270000041',6693),(248,'45215810000270000040',4207),(249,'45215810400220000030',363392),(250,'45215810500220000037',7000),(251,'45215810800230000028',3000),(252,'45215810200230000026',3286),(253,'45215810600240000027',3015),(254,'45818810500220001158',1337126),(255,'45818810300220001468',2254),(256,'45818810400220001245',9699990),(257,'45818810100170000010',102227),(258,'45818810100180001012',1047812),(259,'45818810800130001184',1350),(260,'45818810700210000066',650441),(261,'45818810000210000067',445260),(262,'45818810600300000050',518061),(263,'45818810600300000814',426468),(264,'45818810500300000516',1363785),(265,'45818810600300000047',465585),(266,'45818810900300000048',537000),(267,'45818810200300000049',537612),(268,'45818810000340000047',1848340),(269,'45818810000350000037',831800),(270,'45818810300350000038',1610500),(271,'45818810501020000002',68321),(272,'45818810901060001166',186602),(273,'45818810300440000090',361123),(274,'45818810300370000458',116966),(275,'45818810100370000496',999356),(276,'45818810301020000024',1320000),(277,'45818810201200001024',709000),(278,'45818810600000002879',77076),(279,'45818810600000002743',3000000),(280,'45818810600000002219',382315),(281,'45818810000000003012',3487500),(282,'45818810200000002965',1440851),(283,'45818810000000003151',470587),(284,'45818810300000002218',753471),(285,'45818810300000002836',3806861),(286,'45818810200000002020',1520641),(287,'45818810400000003159',3140),(288,'45106810800000000228',10018268),(289,'45107810000000000140',14745641),(290,'45107810400000000106',45011075),(291,'45107810800000000104',10631000),(292,'45106810800000000231',8000000),(293,'45107810300000000141',99850000),(294,'45106810500000000230',8000000),(295,'45108810500000000034',430000),(296,'45108810700000000041',300000),(297,'45108810600000000044',4873200),(298,'45108810900000000045',380000),(299,'45108810200000000046',1330000),(300,'45108810000000000026',2980000),(301,'45107810800000000133',530000),(302,'45108810200000000033',19980000),(303,'45108810400000000037',550000),(304,'45108810400000000024',280000),(305,'45107810300000000138',880000),(306,'45108810500000000018',1980000),(307,'45106810200000000226',11690000),(308,'45106810500000000227',10000000),(309,'45105810000000000003',7100000),(310,'45108810600000000015',280000),(311,'45108810200000000017',1780000),(312,'45108810700000000012',1280000),(313,'45108810000000000013',680000),(314,'45107810200000000089',106800),(315,'45108810500000000005',480000),(316,'45108810400000000008',12630000),(317,'45207810500000000317',11935184),(318,'45207810200000000332',5612265),(319,'45205810400000000244',200000),(320,'45204810300000000277',32310000),(321,'45207810200000000358',17690000),(322,'45204810300000000280',9000000),(323,'45204810100000000273',14180000),(324,'45204810000000000276',22428000),(325,'45205810000000000246',50000000),(326,'45207810100000000322',19990000),(327,'45208810000000000023',6850000),(328,'45207810900000000263',2000000),(329,'45207810800000000282',208341),(330,'45206810700000000707',3068000),(331,'45205810000000000233',36620000),(332,'45207810000000000341',2700000),(333,'45205810900000000236',5990000),(334,'45201810800000000437',8964539),(335,'45207810200000000345',244760),(336,'45207810400020000002',4600000),(337,'45207810500000000362',13125000),(338,'45207810200000000251',27200000),(339,'45207810600000000356',149700000),(340,'45204810600000000278',16374076),(341,'45201810100000000438',197680),(342,'45206810700000000697',2090900),(343,'45206810000000000698',5800000),(344,'45206810200000000715',500000),(345,'45207810400000000310',23982012),(346,'45208810300000000024',3906414),(347,'45207810700000000285',12220863),(348,'45207810900000000357',8285151),(349,'45201810300000000429',1859298),(350,'45201810800000000440',103785),(351,'45206810700000000710',590046),(352,'45206810600000000700',175350),(353,'45206810300000000712',250000),(354,'45206810600000000713',1710000),(355,'45207810300000000355',445508),(356,'45204810900000000279',7115000),(357,'45201810000000000431',394270),(358,'45204810500000000284',44000000),(359,'45206810800000000704',345000),(360,'45207810300000000313',400000),(361,'45201810300000000432',17036791),(362,'45207810300000000300',3167105),(363,'45207810900000000331',43926641),(364,'45206810601200000004',842957),(365,'45207810401130000001',3368018),(366,'45206810401130000002',3650000),(367,'45201810900360000006',160006),(368,'45207810200360000001',700000),(369,'45201810800360000009',888081),(370,'45201810600360000005',474399),(371,'45206810800350000027',1965000),(372,'45207810200350000024',2462500),(373,'45207810500380000011',1725000),(374,'45207810800380000012',357458),(375,'45208810300380000003',565263),(376,'45204810300440000002',300000),(377,'45207810800440000004',5806500),(378,'45201810101020000006',13907),(379,'45207810301020000004',420723),(380,'45201810401020000007',494502),(381,'45207810601020000005',589012),(382,'45201810801020000005',496354),(383,'45207810101060000002',369433),(384,'45205810201060000001',2000000),(385,'45206810200320000013',4000000),(386,'45206810100350000028',1566000),(387,'45207810100340000053',164000),(388,'45207810300340000057',1175000),(389,'45201810800300000014',81156),(390,'45201810100300000015',56112),(391,'45207810400290000007',13964601),(392,'45207810000290000009',444186),(393,'45207810700290000008',376000),(394,'45207810700210000033',2276578),(395,'45201810300210000031',342898),(396,'45207810400210000032',432644),(397,'45207810100210000028',594037),(398,'45201810000210000030',59970),(399,'45206810900220000028',2000000),(400,'45201810000220000020',399794),(401,'45205810100220000007',700000),(402,'45201810100180000015',624441),(403,'45207810800180000005',480000),(404,'45207810100180000006',1243012),(405,'45201810200160000003',177351),(406,'45201810300130000014',499596),(407,'45207810500130000012',0),(408,'45207810700130000016',288084),(409,'45201810000150000022',796181),(410,'45201810200140000007',8823),(411,'45207810100140000020',3145000),(412,'45206810200060000001',1552878),(413,'45201810600100000003',780943),(414,'45201810300100000002',137582),(415,'45207810300130000018',45000000),(416,'45207810600130000019',10000000),(417,'45207810800130000013',6334000),(418,'45201810500050000004',330686),(419,'45201810600030000005',452705),(420,'45207810500060000001',489037),(421,'45207810400140000021',605381),(422,'45204810300150000004',492000),(423,'45201810300150000023',50070),(424,'45208810400170000003',1957097),(425,'45207810000130000020',4200000),(426,'45207810000100000005',520427),(427,'45206810700170000035',598101),(428,'45207810100210000031',3839853),(429,'45206810600210000040',771000),(430,'45201810300220000018',239616),(431,'45201810000220000017',130765),(432,'45207810000240000017',814337),(433,'45207810100270000013',669299),(434,'45207810500270000011',95250),(435,'45207810800270000012',420747),(436,'45208810100220000004',6365000),(437,'45206810200220000029',700000),(438,'45207810100230000011',300000),(439,'45208810600230000002',328584),(440,'45206810400240000016',301507),(441,'45812810200220000015',1337126),(442,'45812810800220000020',39475),(443,'45812810500220000016',9699990),(444,'45812810100170000003',102227),(445,'45812810800180000005',1047812),(446,'45812810600130000006',240000),(447,'45812810200210000012',445260),(448,'45812810900210000011',650441),(449,'45812810600300000014',537000),(450,'45812810900300000015',537612),(451,'45812810200300000016',518061),(452,'45812810100300000006',426468),(453,'45813810900300000001',1363785),(454,'45812810300300000013',465585),(455,'45812810000340000030',1848340),(456,'45812810000350000020',831800),(457,'45812810300350000021',1610500),(458,'45812810401020000001',68321),(459,'45812810101060000002',186602),(460,'45812810900440000001',688246),(461,'45812810900370000016',999356),(462,'45812810600370000015',116966),(463,'45812810301020000004',1320000),(464,'45812810501250000001',709000),(465,'45812810300000000313',77076),(466,'45812810100000000296',3000000),(467,'45812810300000000203',382315),(468,'45812810500000000320',1440851),(469,'45812810200000000332',470587),(470,'45812810000000000325',3487500),(471,'45812810100000000209',753471),(472,'45812810100000000306',6100000),(473,'45812810400000000213',1520641),(474,'45812810300000000245',200000),(475,'91312810900000009153',39905200),(476,'91312810900000009137',350000),(477,'91312810200000009206',2740000),(478,'91312810400000008609',3135600),(479,'91312810200000009138',2706250),(480,'91312810100000009199',21535000),(481,'91312810400000009200',28573500),(482,'91312810000000008465',3105000),(483,'91312810700000009201',10406200),(484,'91312810200000008621',4925900),(485,'91312810700000009159',173110000),(486,'91312810600220001626',3982000),(487,'91312810100000009157',29934000),(488,'91312810400000009187',204253000),(489,'91312810800000008607',15903300),(490,'91312810500000008606',40644700),(491,'91312810500000008596',118582100),(492,'91312810900000009124',10141950),(493,'91312810200000009109',360000),(494,'91312810900000009195',2000000),(495,'91312810100000008624',104497500),(496,'91312810500000008567',3361800),(497,'91312810700000009191',34114500),(498,'91312810600360000561',11926050),(499,'91312810800000008610',1500000),(500,'91312810401060000633',350000),(501,'91312810100220002524',118582100),(502,'91312810200350002048',118582100),(503,'91312810500440000061',3511200),(504,'91312810100000006436',2826600),(505,'91312810500000006557',1050000),(506,'91312810800220002523',20000000),(507,'91312810900000006555',10000000),(508,'91312810200000006556',3000000),(509,'91312810400000001429',2500000),(510,'91312810100350002041',1800000),(511,'91312810800350002040',1350000),(512,'91312810700170000872',1300000),(513,'91312810300240003154',900000),(514,'91312810100000006465',700000),(515,'91312810800000006435',1500000),(516,'91312810000000005647',550000),(517,'91312810500140001276',518000),(518,'91312810500300000318',450000),(519,'91312810700340000819',400000),(520,'91312810800220002581',320000),(521,'91312810500180002345',300000),(522,'91312810000300001671',500000),(523,'91312810600300001673',4900000),(524,'91312810900300001674',1035000),(525,'91312810200300001659',735000),(526,'91312810501250000250',5675000),(527,'91312810901060002116',3650000),(528,'91312810600000006444',245000),(529,'91312810600240003155',7009100),(530,'91312810500000006489',15636600),(531,'91312810200000005832',576100),(532,'91312810000300000326',476000),(533,'91312810600340001002',5040000),(534,'91312810100220002582',8821400),(535,'91312810500000006010',10446500),(536,'91312810800000006448',16315100),(537,'91312810200340001375',13326300),(538,'91312810600000009110',63326900),(539,'91312810800000008568',32296600),(540,'91312810800440000155',87852918),(541,'91312810100000009160',24730720),(542,'91312810600220001639',28987000),(543,'91312810500000009142',6651600),(544,'91312810200000009196',2711000),(545,'91312810800240001464',1620000),(546,'91312810200440000153',25648965),(547,'91312810800360000565',815000),(548,'91312810700100000508',4500000),(549,'91312810600000009136',1975000),(550,'91312810500130001146',2915000),(551,'91312810600000009194',775000),(552,'91312810100000002675',3700000),(553,'91312810500000009113',1675000),(554,'91312810000370000766',1675000),(555,'91312810400370000829',1675000),(556,'91312810400160000644',1675000),(557,'91312810200360000563',2500000),(558,'91312810800230001474',40504000),(559,'91312810200030000660',2849000),(560,'91312810500000008619',3382000),(561,'91312810400210001920',1093500),(562,'91312810200000008595',6059500),(563,'91312810000170001033',666500),(564,'91312810100000009186',200000),(565,'91312810000220001640',2880000),(566,'91312810500440000154',4613500),(567,'91312810700000009188',2000000),(568,'91312810701020000917',3400000),(569,'91312810600150001042',150000),(570,'91312810700160000645',1962500),(571,'91312810900000002192',450000),(572,'91312810400000009190',300000),(573,'91312810800000009156',1928000),(574,'91312810000000008520',470000),(575,'91312810100360000566',150000),(576,'91312810900360000562',150000),(577,'91312810700220001636',2913000),(578,'91312810800300001731',2030000),(579,'91312810000000009163',700000),(580,'91312810200150001044',2727500),(581,'91312810500360000564',200000),(582,'91312810000150001040',12887000),(583,'91312810100140002140',2745400),(584,'91312810001020000918',1968500),(585,'91312810900150001043',400000),(586,'91312810900180001783',300000),(587,'91312810000100000509',300000),(588,'91312810000210001919',500000),(589,'91312810400220001635',1690500),(590,'91312810600050000101',400000),(591,'30102000000000000001',1000000),(592,'70606000000000000001',1000000),(593,'70601000000000000001',1000000),(594,'99999000000000000001',1000000);
/*!40000 ALTER TABLE `accounts` ENABLE KEYS */;
UNLOCK TABLES;

--
-- Table structure for table `accounts_info`
--

DROP TABLE IF EXISTS `accounts_info`;
/*!40101 SET @saved_cs_client     = @@character_set_client */;
/*!50503 SET character_set_client = utf8mb4 */;
CREATE TABLE `accounts_info` (
  `id` bigint unsigned NOT NULL AUTO_INCREMENT,
  `acc_id` bigint unsigned DEFAULT NULL COMMENT 'Связь со счетами',
  `acc_name` varchar(255) DEFAULT NULL COMMENT 'Наименование счета',
  `acc_type` tinyint(1) DEFAULT NULL COMMENT 'Счет активный*',
  `client_id` bigint unsigned DEFAULT NULL COMMENT 'Клиент',
  `filial` tinyint unsigned DEFAULT NULL COMMENT 'Филиал',
  `created_at` datetime DEFAULT NULL,
  `updated_at` datetime DEFAULT NULL,
  PRIMARY KEY (`id`),
  UNIQUE KEY `id` (`id`),
  KEY `accounts_info_accounts_acc_id_fk` (`acc_id`),
  KEY `accounts_info_clients_client_id_fk` (`client_id`),
  KEY `accounts_info_departments_filial_fk` (`filial`),
  CONSTRAINT `accounts_info_accounts_acc_id_fk` FOREIGN KEY (`acc_id`) REFERENCES `accounts` (`id`),
  CONSTRAINT `accounts_info_clients_client_id_fk` FOREIGN KEY (`client_id`) REFERENCES `clients` (`id`),
  CONSTRAINT `accounts_info_departments_filial_fk` FOREIGN KEY (`filial`) REFERENCES `departments` (`id`)
) ENGINE=InnoDB AUTO_INCREMENT=595 DEFAULT CHARSET=utf8mb4 COLLATE=utf8mb4_0900_ai_ci;
/*!40101 SET character_set_client = @saved_cs_client */;

--
-- Dumping data for table `accounts_info`
--

LOCK TABLES `accounts_info` WRITE;
/*!40000 ALTER TABLE `accounts_info` DISABLE KEYS */;
INSERT INTO `accounts_info` VALUES (1,1,'Проценты просроченные',1,1,4,'2014-04-20 01:00:00','2014-04-20 01:00:00'),(2,2,'Проценты просроченные',1,2,4,'2029-12-20 01:00:00','2029-12-20 01:00:00'),(3,3,'Проценты просроченные',1,3,4,'2031-12-20 01:00:00','2031-12-20 01:00:00'),(4,4,'Проценты просроченные',1,4,4,'2027-06-20 00:00:00','2027-06-20 00:00:00'),(5,5,'Проценты просроченные',1,4,4,'2010-06-20 00:00:00','2010-06-20 00:00:00'),(6,6,'Проценты просроченные',1,4,4,'2003-01-20 02:00:00','2003-01-20 02:00:00'),(7,7,'Проценты просроченные',1,5,4,'2003-05-20 01:00:00','2003-05-20 01:00:00'),(8,8,'Проценты просроченные',1,6,4,'2001-11-20 01:00:00','2001-11-20 01:00:00'),(9,9,'Проценты просроченные',1,7,4,'2030-07-20 00:00:00','2030-07-20 00:00:00'),(10,10,'Проценты просроченные',1,8,4,'2014-07-20 02:00:00','2014-07-20 02:00:00'),(11,11,'Проценты просроченные',1,9,4,'2013-07-20 00:00:00','2013-07-20 00:00:00'),(12,12,'Проценты просроченные',1,9,4,'2006-10-20 01:00:00','2006-10-20 01:00:00'),(13,13,'Проценты просроченные',1,10,4,'2004-04-20 00:00:00','2004-04-20 00:00:00'),(14,14,'Проценты просроченные',1,11,4,'2009-08-20 00:00:00','2009-08-20 00:00:00'),(15,15,'Проценты просроченные',1,12,4,'2018-03-20 01:00:00','2018-03-20 01:00:00'),(16,16,'Проценты просроченные',1,13,4,'2020-01-20 02:00:00','2020-01-20 02:00:00'),(17,17,'Проценты просроченные',1,14,4,'2015-05-20 01:00:00','2015-05-20 01:00:00'),(18,18,'Проценты просроченные',1,13,4,'2007-01-20 02:00:00','2007-01-20 02:00:00'),(19,19,'Проценты просроченные',1,13,4,'2010-08-20 02:00:00','2010-08-20 02:00:00'),(20,20,'Проценты просроченные',1,13,4,'2023-03-20 01:00:00','2023-03-20 01:00:00'),(21,21,'Проценты просроченные',1,15,4,'2021-07-20 00:00:00','2021-07-20 00:00:00'),(22,22,'Проценты просроченные',1,15,4,'2004-04-20 00:00:00','2004-04-20 00:00:00'),(23,23,'Проценты просроченные',1,16,4,'2002-11-20 01:00:00','2002-11-20 01:00:00'),(24,24,'Проценты просроченные',1,17,4,'2025-12-20 00:00:00','2025-12-20 00:00:00'),(25,25,'Проценты просроченные',1,18,4,'2010-03-20 00:00:00','2010-03-20 00:00:00'),(26,26,'Проценты просроченные',1,19,4,'2028-11-20 00:00:00','2028-11-20 00:00:00'),(27,27,'Проценты текущие',1,20,4,'2007-10-20 01:00:00','2007-10-20 01:00:00'),(28,28,'Проценты текущие',1,21,4,'2013-04-20 02:00:00','2013-04-20 02:00:00'),(29,29,'Проценты текущие',1,22,4,'2002-03-20 02:00:00','2002-03-20 02:00:00'),(30,30,'Проценты текущие',1,23,4,'2021-04-20 00:00:00','2021-04-20 00:00:00'),(31,31,'Проценты текущие',1,24,4,'2026-03-20 02:00:00','2026-03-20 02:00:00'),(32,32,'Проценты текущие',1,25,4,'2006-06-20 01:00:00','2006-06-20 01:00:00'),(33,33,'Проценты текущие',1,26,4,'2014-09-20 00:00:00','2014-09-20 00:00:00'),(34,34,'Проценты текущие',1,27,4,'2013-03-20 01:00:00','2013-03-20 01:00:00'),(35,35,'Проценты текущие',1,28,4,'2002-04-20 00:00:00','2002-04-20 00:00:00'),(36,36,'Проценты текущие',1,29,4,'2023-09-20 01:00:00','2023-09-20 01:00:00'),(37,37,'Проценты текущие',1,30,4,'2024-02-20 02:00:00','2024-02-20 02:00:00'),(38,38,'Проценты текущие',1,31,4,'2013-07-20 02:00:00','2013-07-20 02:00:00'),(39,39,'Проценты текущие',1,32,4,'2005-11-20 00:00:00','2005-11-20 00:00:00'),(40,40,'Проценты текущие',1,33,4,'2013-04-20 02:00:00','2013-04-20 02:00:00'),(41,41,'Проценты текущие',1,34,4,'2028-02-20 01:00:00','2028-02-20 01:00:00'),(42,42,'Проценты текущие',1,35,4,'2013-10-20 00:00:00','2013-10-20 00:00:00'),(43,43,'Проценты текущие',1,36,4,'2012-11-20 01:00:00','2012-11-20 01:00:00'),(44,44,'Проценты текущие',1,37,4,'2013-01-20 02:00:00','2013-01-20 02:00:00'),(45,45,'Проценты текущие',1,38,4,'2006-04-20 02:00:00','2006-04-20 02:00:00'),(46,46,'Проценты текущие',1,39,4,'2019-09-20 02:00:00','2019-09-20 02:00:00'),(47,47,'Проценты текущие',1,40,4,'2027-10-20 01:00:00','2027-10-20 01:00:00'),(48,48,'Проценты текущие',1,41,4,'2013-05-20 00:00:00','2013-05-20 00:00:00'),(49,49,'Проценты текущие',1,42,4,'2008-05-20 02:00:00','2008-05-20 02:00:00'),(50,50,'Проценты текущие',1,43,4,'2031-01-20 02:00:00','2031-01-20 02:00:00'),(51,51,'Проценты текущие',1,44,4,'2029-07-20 02:00:00','2029-07-20 02:00:00'),(52,52,'Проценты текущие',1,44,4,'2012-05-20 01:00:00','2012-05-20 01:00:00'),(53,53,'Проценты текущие',1,45,4,'2029-10-20 01:00:00','2029-10-20 01:00:00'),(54,54,'Проценты текущие',1,46,4,'2015-07-20 02:00:00','2015-07-20 02:00:00'),(55,55,'Проценты текущие',1,47,4,'2022-07-20 02:00:00','2022-07-20 02:00:00'),(56,56,'Проценты текущие',1,48,4,'2021-09-20 01:00:00','2021-09-20 01:00:00'),(57,57,'Проценты текущие',1,49,4,'2012-12-20 00:00:00','2012-12-20 00:00:00'),(58,58,'Проценты текущие',1,49,4,'2021-10-20 01:00:00','2021-10-20 01:00:00'),(59,59,'Проценты текущие',1,50,4,'2026-07-20 01:00:00','2026-07-20 01:00:00'),(60,60,'Проценты текущие',1,51,4,'2006-10-20 00:00:00','2006-10-20 00:00:00'),(61,61,'Проценты текущие',1,52,4,'2027-09-20 00:00:00','2027-09-20 00:00:00'),(62,62,'Проценты текущие',1,53,4,'2023-07-20 00:00:00','2023-07-20 00:00:00'),(63,63,'Проценты текущие',1,54,4,'2019-10-20 01:00:00','2019-10-20 01:00:00'),(64,64,'Проценты текущие',1,55,4,'2025-04-20 02:00:00','2025-04-20 02:00:00'),(65,65,'Проценты текущие',1,56,4,'2003-11-20 01:00:00','2003-11-20 01:00:00'),(66,66,'Проценты просроченные резерв',0,1,4,'2012-05-20 00:00:00','2012-05-20 00:00:00'),(67,67,'Проценты просроченные резерв',0,2,4,'2025-09-20 01:00:00','2025-09-20 01:00:00'),(68,68,'Проценты просроченные резерв',0,3,4,'2031-10-20 02:00:00','2031-10-20 02:00:00'),(69,69,'Проценты просроченные резерв',0,4,4,'2029-09-20 00:00:00','2029-09-20 00:00:00'),(70,70,'Проценты просроченные резерв',0,4,4,'2017-03-20 01:00:00','2017-03-20 01:00:00'),(71,71,'Проценты просроченные резерв',0,4,4,'2002-02-20 01:00:00','2002-02-20 01:00:00'),(72,72,'Проценты просроченные резерв',0,5,4,'2014-10-20 02:00:00','2014-10-20 02:00:00'),(73,73,'Проценты просроченные резерв',0,6,4,'2007-12-20 01:00:00','2007-12-20 01:00:00'),(74,74,'Проценты просроченные резерв',0,7,4,'2013-10-20 01:00:00','2013-10-20 01:00:00'),(75,75,'Проценты просроченные резерв',0,8,4,'2013-08-20 01:00:00','2013-08-20 01:00:00'),(76,76,'Проценты просроченные резерв',0,9,4,'2024-08-20 02:00:00','2024-08-20 02:00:00'),(77,77,'Проценты просроченные резерв',0,9,4,'2007-12-20 01:00:00','2007-12-20 01:00:00'),(78,78,'Проценты просроченные резерв',0,10,4,'2023-04-20 01:00:00','2023-04-20 01:00:00'),(79,79,'Проценты просроченные резерв',0,11,4,'2011-03-20 02:00:00','2011-03-20 02:00:00'),(80,80,'Проценты просроченные резерв',0,12,4,'2031-03-20 02:00:00','2031-03-20 02:00:00'),(81,81,'Проценты просроченные резерв',0,13,4,'2022-03-20 00:00:00','2022-03-20 00:00:00'),(82,82,'Проценты просроченные резерв',0,13,4,'2021-11-20 00:00:00','2021-11-20 00:00:00'),(83,83,'Проценты просроченные резерв',0,14,4,'2020-10-20 00:00:00','2020-10-20 00:00:00'),(84,84,'Проценты просроченные резерв',0,13,4,'2022-10-20 00:00:00','2022-10-20 00:00:00'),(85,85,'Проценты просроченные резерв',0,13,4,'2007-09-20 01:00:00','2007-09-20 01:00:00'),(86,86,'Проценты просроченные резерв',0,15,4,'2016-09-20 01:00:00','2016-09-20 01:00:00'),(87,87,'Проценты просроченные резерв',0,15,4,'2006-01-20 02:00:00','2006-01-20 02:00:00'),(88,88,'Проценты просроченные резерв',0,16,4,'2020-02-20 01:00:00','2020-02-20 01:00:00'),(89,89,'Проценты просроченные резерв',0,17,4,'2013-11-20 00:00:00','2013-11-20 00:00:00'),(90,90,'Проценты просроченные резерв',0,18,4,'2009-11-20 01:00:00','2009-11-20 01:00:00'),(91,91,'Проценты просроченные резерв',0,19,4,'2016-08-20 02:00:00','2016-08-20 02:00:00'),(92,92,'Проценты текущие резерв',0,56,4,'2006-02-20 01:00:00','2006-02-20 01:00:00'),(93,93,'Проценты текущие резерв',0,40,4,'2003-11-20 01:00:00','2003-11-20 01:00:00'),(94,94,'Проценты текущие резерв',0,34,4,'2028-06-20 02:00:00','2028-06-20 02:00:00'),(95,95,'Проценты текущие резерв',0,53,4,'2015-07-20 02:00:00','2015-07-20 02:00:00'),(96,96,'Проценты текущие резерв',0,55,4,'2025-09-20 00:00:00','2025-09-20 00:00:00'),(97,97,'Проценты текущие резерв',0,27,4,'2023-02-20 01:00:00','2023-02-20 01:00:00'),(98,98,'Проценты текущие резерв',0,29,4,'2022-09-20 01:00:00','2022-09-20 01:00:00'),(99,99,'Проценты текущие резерв',0,28,4,'2003-08-20 00:00:00','2003-08-20 00:00:00'),(100,100,'Проценты текущие резерв',0,21,4,'2013-12-20 01:00:00','2013-12-20 01:00:00'),(101,101,'Проценты текущие резерв',0,23,4,'2006-02-20 01:00:00','2006-02-20 01:00:00'),(102,102,'Проценты текущие резерв',0,22,4,'2001-05-20 00:00:00','2001-05-20 00:00:00'),(103,103,'Проценты текущие резерв',0,36,4,'2008-09-20 00:00:00','2008-09-20 00:00:00'),(104,104,'Проценты текущие резерв',0,24,4,'2022-11-20 01:00:00','2022-11-20 01:00:00'),(105,105,'Проценты текущие резерв',0,26,4,'2021-12-20 02:00:00','2021-12-20 02:00:00'),(106,106,'Проценты текущие резерв',0,32,4,'2014-06-20 01:00:00','2014-06-20 01:00:00'),(107,107,'Проценты текущие резерв',0,25,4,'2014-05-20 02:00:00','2014-05-20 02:00:00'),(108,108,'Проценты текущие резерв',0,31,4,'2010-08-20 02:00:00','2010-08-20 02:00:00'),(109,109,'Проценты текущие резерв',0,41,4,'2026-09-20 01:00:00','2026-09-20 01:00:00'),(110,110,'Проценты текущие резерв',0,49,4,'2004-08-20 00:00:00','2004-08-20 00:00:00'),(111,111,'Проценты текущие резерв',0,49,4,'2023-02-20 01:00:00','2023-02-20 01:00:00'),(112,112,'Проценты текущие резерв',0,42,4,'2011-03-20 02:00:00','2011-03-20 02:00:00'),(113,113,'Проценты текущие резерв',0,50,4,'2014-07-20 01:00:00','2014-07-20 01:00:00'),(114,114,'Проценты текущие резерв',0,43,4,'2030-06-20 01:00:00','2030-06-20 01:00:00'),(115,115,'Проценты текущие резерв',0,48,4,'2018-07-20 02:00:00','2018-07-20 02:00:00'),(116,116,'Проценты текущие резерв',0,35,4,'2001-10-20 02:00:00','2001-10-20 02:00:00'),(117,117,'Проценты текущие резерв',0,33,4,'2001-02-20 01:00:00','2001-02-20 01:00:00'),(118,118,'Проценты текущие резерв',0,37,4,'2021-10-20 02:00:00','2021-10-20 02:00:00'),(119,119,'Проценты текущие резерв',0,46,4,'2024-08-20 02:00:00','2024-08-20 02:00:00'),(120,120,'Проценты текущие резерв',0,30,4,'2025-06-20 00:00:00','2025-06-20 00:00:00'),(121,121,'Проценты текущие резерв',0,44,4,'2010-06-20 01:00:00','2010-06-20 01:00:00'),(122,122,'Проценты текущие резерв',0,44,4,'2024-07-20 01:00:00','2024-07-20 01:00:00'),(123,123,'Проценты текущие резерв',0,45,4,'2008-01-20 02:00:00','2008-01-20 02:00:00'),(124,124,'Проценты текущие резерв',0,20,4,'2028-04-20 01:00:00','2028-04-20 01:00:00'),(125,125,'Проценты текущие резерв',0,51,4,'2005-05-20 00:00:00','2005-05-20 00:00:00'),(126,126,'Долг текущий резерв',0,57,4,'2021-07-20 00:00:00','2021-07-20 00:00:00'),(127,127,'Долг текущий резерв',0,57,4,'2031-05-20 01:00:00','2031-05-20 01:00:00'),(128,128,'Долг текущий резерв',0,56,4,'2001-08-20 00:00:00','2001-08-20 00:00:00'),(129,129,'Долг текущий резерв',0,56,4,'2009-12-20 02:00:00','2009-12-20 02:00:00'),(130,130,'Долг текущий резерв',0,56,4,'2015-05-20 00:00:00','2015-05-20 00:00:00'),(131,131,'Долг текущий резерв',0,56,4,'2015-06-20 00:00:00','2015-06-20 00:00:00'),(132,132,'Долг текущий резерв',0,58,4,'2004-02-20 01:00:00','2004-02-20 01:00:00'),(133,133,'Долг текущий резерв',0,58,4,'2028-11-20 01:00:00','2028-11-20 01:00:00'),(134,134,'Долг текущий резерв',0,59,4,'2015-06-20 02:00:00','2015-06-20 02:00:00'),(135,135,'Долг текущий резерв',0,60,4,'2021-01-20 01:00:00','2021-01-20 01:00:00'),(136,136,'Долг текущий резерв',0,60,4,'2029-07-20 01:00:00','2029-07-20 01:00:00'),(137,137,'Долг текущий резерв',0,59,4,'2013-03-20 02:00:00','2013-03-20 02:00:00'),(138,138,'Долг текущий резерв',0,59,4,'2008-07-20 01:00:00','2008-07-20 01:00:00'),(139,139,'Долг текущий резерв',0,59,4,'2015-09-20 01:00:00','2015-09-20 01:00:00'),(140,140,'Долг текущий резерв',0,59,4,'2011-12-20 01:00:00','2011-12-20 01:00:00'),(141,141,'Долг текущий резерв',0,59,4,'2004-06-20 00:00:00','2004-06-20 00:00:00'),(142,142,'Долг текущий резерв',0,59,4,'2026-01-20 03:00:00','2026-01-20 03:00:00'),(143,143,'Долг текущий резерв',0,59,4,'2001-01-20 03:00:00','2001-01-20 03:00:00'),(144,144,'Долг текущий резерв',0,59,4,'2016-10-20 02:00:00','2016-10-20 02:00:00'),(145,145,'Долг текущий резерв',0,58,4,'2029-05-20 01:00:00','2029-05-20 01:00:00'),(146,146,'Долг текущий резерв',0,58,4,'2027-06-20 00:00:00','2027-06-20 00:00:00'),(147,147,'Долг текущий резерв',0,58,4,'2012-07-20 01:00:00','2012-07-20 01:00:00'),(148,148,'Долг текущий резерв',0,58,4,'2001-01-20 03:00:00','2001-01-20 03:00:00'),(149,149,'Долг текущий резерв',0,58,4,'2026-06-20 02:00:00','2026-06-20 02:00:00'),(150,150,'Долг текущий резерв',0,58,4,'2021-10-20 01:00:00','2021-10-20 01:00:00'),(151,151,'Долг текущий резерв',0,58,4,'2010-02-20 02:00:00','2010-02-20 02:00:00'),(152,152,'Долг текущий резерв',0,53,4,'2010-02-20 03:00:00','2010-02-20 03:00:00'),(153,153,'Долг текущий резерв',0,61,4,'2022-08-20 02:00:00','2022-08-20 02:00:00'),(154,154,'Долг текущий резерв',0,62,4,'2029-08-20 01:00:00','2029-08-20 01:00:00'),(155,155,'Долг текущий резерв',0,63,4,'2003-07-20 02:00:00','2003-07-20 02:00:00'),(156,156,'Долг текущий резерв',0,55,4,'2028-03-20 01:00:00','2028-03-20 01:00:00'),(157,157,'Долг текущий резерв',0,64,4,'2012-05-20 01:00:00','2012-05-20 01:00:00'),(158,158,'Долг текущий резерв',0,65,4,'2008-07-20 00:00:00','2008-07-20 00:00:00'),(159,159,'Долг текущий резерв',0,66,4,'2025-05-20 02:00:00','2025-05-20 02:00:00'),(160,160,'Долг текущий резерв',0,67,4,'2016-05-20 02:00:00','2016-05-20 02:00:00'),(161,161,'Долг текущий резерв',0,67,4,'2030-12-20 01:00:00','2030-12-20 01:00:00'),(162,162,'Долг текущий резерв',0,68,4,'2019-03-20 02:00:00','2019-03-20 02:00:00'),(163,163,'Долг текущий резерв',0,69,4,'2003-04-20 02:00:00','2003-04-20 02:00:00'),(164,164,'Долг текущий резерв',0,70,4,'2022-07-20 02:00:00','2022-07-20 02:00:00'),(165,165,'Долг текущий резерв',0,71,4,'2016-10-20 02:00:00','2016-10-20 02:00:00'),(166,166,'Долг текущий резерв',0,72,4,'2003-10-20 01:00:00','2003-10-20 01:00:00'),(167,167,'Долг текущий резерв',0,73,4,'2017-03-20 02:00:00','2017-03-20 02:00:00'),(168,168,'Долг текущий резерв',0,74,4,'2014-10-20 02:00:00','2014-10-20 02:00:00'),(169,169,'Долг текущий резерв',0,74,4,'2012-10-20 02:00:00','2012-10-20 02:00:00'),(170,170,'Долг текущий резерв',0,75,4,'2019-06-20 01:00:00','2019-06-20 01:00:00'),(171,171,'Долг текущий резерв',0,76,4,'2013-08-20 00:00:00','2013-08-20 00:00:00'),(172,172,'Долг текущий резерв',0,49,4,'2022-04-20 01:00:00','2022-04-20 01:00:00'),(173,173,'Долг текущий резерв',0,49,4,'2005-04-20 01:00:00','2005-04-20 01:00:00'),(174,174,'Долг текущий резерв',0,77,4,'2018-10-20 00:00:00','2018-10-20 00:00:00'),(175,175,'Долг текущий резерв',0,50,4,'2025-08-20 01:00:00','2025-08-20 01:00:00'),(176,176,'Долг текущий резерв',0,78,4,'2027-04-20 01:00:00','2027-04-20 01:00:00'),(177,177,'Долг текущий резерв',0,48,4,'2029-06-20 02:00:00','2029-06-20 02:00:00'),(178,178,'Долг текущий резерв',0,79,4,'2005-07-20 01:00:00','2005-07-20 01:00:00'),(179,179,'Долг текущий резерв',0,80,4,'2024-02-20 03:00:00','2024-02-20 03:00:00'),(180,180,'Долг текущий резерв',0,80,4,'2025-03-20 02:00:00','2025-03-20 02:00:00'),(181,181,'Долг текущий резерв',0,81,4,'2012-02-20 01:00:00','2012-02-20 01:00:00'),(182,182,'Долг текущий резерв',0,82,4,'2018-01-20 02:00:00','2018-01-20 02:00:00'),(183,183,'Долг текущий резерв',0,83,4,'2008-02-20 01:00:00','2008-02-20 01:00:00'),(184,184,'Долг текущий резерв',0,84,4,'2013-05-20 01:00:00','2013-05-20 01:00:00'),(185,185,'Долг текущий резерв',0,85,4,'2016-06-20 01:00:00','2016-06-20 01:00:00'),(186,186,'Долг текущий резерв',0,51,4,'2019-08-20 00:00:00','2019-08-20 00:00:00'),(187,187,'Долг текущий резерв',0,51,4,'2029-03-20 02:00:00','2029-03-20 02:00:00'),(188,188,'Долг текущий резерв',0,86,4,'2020-01-20 03:00:00','2020-01-20 03:00:00'),(189,189,'Долг текущий резерв',0,87,4,'2009-02-20 03:00:00','2009-02-20 03:00:00'),(190,190,'Долг текущий резерв',0,46,4,'2003-02-20 01:00:00','2003-02-20 01:00:00'),(191,191,'Долг текущий резерв',0,45,4,'2030-08-20 00:00:00','2030-08-20 00:00:00'),(192,192,'Долг текущий резерв',0,88,4,'2008-11-20 00:00:00','2008-11-20 00:00:00'),(193,193,'Долг текущий резерв',0,89,4,'2029-09-20 00:00:00','2029-09-20 00:00:00'),(194,194,'Долг текущий резерв',0,90,4,'2030-07-20 01:00:00','2030-07-20 01:00:00'),(195,195,'Долг текущий резерв',0,91,4,'2010-08-20 00:00:00','2010-08-20 00:00:00'),(196,196,'Долг текущий резерв',0,44,4,'2015-12-20 02:00:00','2015-12-20 02:00:00'),(197,197,'Долг текущий резерв',0,44,4,'2001-03-20 02:00:00','2001-03-20 02:00:00'),(198,198,'Долг текущий резерв',0,92,4,'2030-11-20 01:00:00','2030-11-20 01:00:00'),(199,199,'Долг текущий резерв',0,43,4,'2009-08-20 02:00:00','2009-08-20 02:00:00'),(200,200,'Долг текущий резерв',0,93,4,'2023-05-20 01:00:00','2023-05-20 01:00:00'),(201,201,'Долг текущий резерв',0,94,4,'2017-03-20 02:00:00','2017-03-20 02:00:00'),(202,202,'Долг текущий резерв',0,42,4,'2030-03-20 03:00:00','2030-03-20 03:00:00'),(203,203,'Долг текущий резерв',0,42,4,'2023-03-20 02:00:00','2023-03-20 02:00:00'),(204,204,'Долг текущий резерв',0,41,4,'2026-12-20 01:00:00','2026-12-20 01:00:00'),(205,205,'Долг текущий резерв',0,41,4,'2007-01-20 03:00:00','2007-01-20 03:00:00'),(206,206,'Долг текущий резерв',0,95,4,'2031-07-20 01:00:00','2031-07-20 01:00:00'),(207,207,'Долг текущий резерв',0,96,4,'2008-03-20 01:00:00','2008-03-20 01:00:00'),(208,208,'Долг текущий резерв',0,40,4,'2019-08-20 00:00:00','2019-08-20 00:00:00'),(209,209,'Долг текущий резерв',0,97,4,'2001-11-20 00:00:00','2001-11-20 00:00:00'),(210,210,'Долг текущий резерв',0,37,4,'2022-12-20 00:00:00','2022-12-20 00:00:00'),(211,211,'Долг текущий резерв',0,36,4,'2005-09-20 01:00:00','2005-09-20 01:00:00'),(212,212,'Долг текущий резерв',0,35,4,'2005-07-20 01:00:00','2005-07-20 01:00:00'),(213,213,'Долг текущий резерв',0,34,4,'2003-02-20 03:00:00','2003-02-20 03:00:00'),(214,214,'Долг текущий резерв',0,98,4,'2021-10-20 00:00:00','2021-10-20 00:00:00'),(215,215,'Долг текущий резерв',0,98,4,'2030-11-20 00:00:00','2030-11-20 00:00:00'),(216,216,'Долг текущий резерв',0,99,4,'2028-01-20 01:00:00','2028-01-20 01:00:00'),(217,217,'Долг текущий резерв',0,33,4,'2029-04-20 01:00:00','2029-04-20 01:00:00'),(218,218,'Долг текущий резерв',0,101,4,'2016-09-20 01:00:00','2016-09-20 01:00:00'),(219,219,'Долг текущий резерв',0,102,4,'2006-12-20 00:00:00','2006-12-20 00:00:00'),(220,220,'Долг текущий резерв',0,103,4,'2028-03-20 02:00:00','2028-03-20 02:00:00'),(221,221,'Долг текущий резерв',0,32,4,'2006-10-20 01:00:00','2006-10-20 01:00:00'),(222,222,'Долг текущий резерв',0,104,4,'2013-01-20 01:00:00','2013-01-20 01:00:00'),(223,223,'Долг текущий резерв',0,31,4,'2005-12-20 01:00:00','2005-12-20 01:00:00'),(224,224,'Долг текущий резерв',0,16,4,'2020-06-20 01:00:00','2020-06-20 01:00:00'),(225,225,'Долг текущий резерв',0,105,4,'2004-09-20 02:00:00','2004-09-20 02:00:00'),(226,226,'Долг текущий резерв',0,30,4,'2001-05-20 01:00:00','2001-05-20 01:00:00'),(227,227,'Долг текущий резерв',0,106,4,'2014-06-20 02:00:00','2014-06-20 02:00:00'),(228,228,'Долг текущий резерв',0,29,4,'2024-04-20 03:00:00','2024-04-20 03:00:00'),(229,229,'Долг текущий резерв',0,107,4,'2022-07-20 02:00:00','2022-07-20 02:00:00'),(230,230,'Долг текущий резерв',0,108,4,'2029-05-20 01:00:00','2029-05-20 01:00:00'),(231,231,'Долг текущий резерв',0,109,4,'2022-01-20 01:00:00','2022-01-20 01:00:00'),(232,232,'Долг текущий резерв',0,109,4,'2027-12-20 00:00:00','2027-12-20 00:00:00'),(233,233,'Долг текущий резерв',0,109,4,'2014-09-20 00:00:00','2014-09-20 00:00:00'),(234,234,'Долг текущий резерв',0,110,4,'2028-03-20 01:00:00','2028-03-20 01:00:00'),(235,235,'Долг текущий резерв',0,111,4,'2010-01-20 01:00:00','2010-01-20 01:00:00'),(236,236,'Долг текущий резерв',0,112,4,'2020-04-20 01:00:00','2020-04-20 01:00:00'),(237,237,'Долг текущий резерв',0,28,4,'2027-09-20 00:00:00','2027-09-20 00:00:00'),(238,238,'Долг текущий резерв',0,113,4,'2028-01-20 01:00:00','2028-01-20 01:00:00'),(239,239,'Долг текущий резерв',0,27,4,'2017-05-20 03:00:00','2017-05-20 03:00:00'),(240,240,'Долг текущий резерв',0,114,4,'2007-06-20 02:00:00','2007-06-20 02:00:00'),(241,241,'Долг текущий резерв',0,26,4,'2017-10-20 00:00:00','2017-10-20 00:00:00'),(242,242,'Долг текущий резерв',0,115,4,'2012-03-20 01:00:00','2012-03-20 01:00:00'),(243,243,'Долг текущий резерв',0,25,4,'2009-06-20 02:00:00','2009-06-20 02:00:00'),(244,244,'Долг текущий резерв',0,116,4,'2026-03-20 01:00:00','2026-03-20 01:00:00'),(245,245,'Долг текущий резерв',0,117,4,'2012-12-20 00:00:00','2012-12-20 00:00:00'),(246,246,'Долг текущий резерв',0,118,4,'2023-04-20 01:00:00','2023-04-20 01:00:00'),(247,247,'Долг текущий резерв',0,24,4,'2013-05-20 02:00:00','2013-05-20 02:00:00'),(248,248,'Долг текущий резерв',0,23,4,'2018-01-20 02:00:00','2018-01-20 02:00:00'),(249,249,'Долг текущий резерв',0,22,4,'2004-12-20 01:00:00','2004-12-20 01:00:00'),(250,250,'Долг текущий резерв',0,119,4,'2006-05-20 01:00:00','2006-05-20 01:00:00'),(251,251,'Долг текущий резерв',0,120,4,'2002-10-20 00:00:00','2002-10-20 00:00:00'),(252,252,'Долг текущий резерв',0,21,4,'2031-01-20 01:00:00','2031-01-20 01:00:00'),(253,253,'Долг текущий резерв',0,20,4,'2006-11-20 02:00:00','2006-11-20 02:00:00'),(254,254,'Долг просроченный резерв',0,19,4,'2009-02-20 01:00:00','2009-02-20 01:00:00'),(255,255,'Долг просроченный резерв',0,22,4,'2019-06-20 02:00:00','2019-06-20 02:00:00'),(256,256,'Долг просроченный резерв',0,18,4,'2001-03-20 01:00:00','2001-03-20 01:00:00'),(257,257,'Долг просроченный резерв',0,121,4,'2020-05-20 02:00:00','2020-05-20 02:00:00'),(258,258,'Долг просроченный резерв',0,122,4,'2009-01-20 03:00:00','2009-01-20 03:00:00'),(259,259,'Долг просроченный резерв',0,16,4,'2024-04-20 01:00:00','2024-04-20 01:00:00'),(260,260,'Долг просроченный резерв',0,15,4,'2020-10-20 01:00:00','2020-10-20 01:00:00'),(261,261,'Долг просроченный резерв',0,15,4,'2002-02-20 03:00:00','2002-02-20 03:00:00'),(262,262,'Долг просроченный резерв',0,13,4,'2016-10-20 02:00:00','2016-10-20 02:00:00'),(263,263,'Долг просроченный резерв',0,123,4,'2022-02-20 01:00:00','2022-02-20 01:00:00'),(264,264,'Долг просроченный резерв',0,14,4,'2002-04-20 01:00:00','2002-04-20 01:00:00'),(265,265,'Долг просроченный резерв',0,13,4,'2024-03-20 03:00:00','2024-03-20 03:00:00'),(266,266,'Долг просроченный резерв',0,13,4,'2017-01-20 02:00:00','2017-01-20 02:00:00'),(267,267,'Долг просроченный резерв',0,13,4,'2022-10-20 01:00:00','2022-10-20 01:00:00'),(268,268,'Долг просроченный резерв',0,124,4,'2026-09-20 00:00:00','2026-09-20 00:00:00'),(269,269,'Долг просроченный резерв',0,125,4,'2013-05-20 02:00:00','2013-05-20 02:00:00'),(270,270,'Долг просроченный резерв',0,125,4,'2020-10-20 02:00:00','2020-10-20 02:00:00'),(271,271,'Долг просроченный резерв',0,12,4,'2031-01-20 01:00:00','2031-01-20 01:00:00'),(272,272,'Долг просроченный резерв',0,11,4,'2011-12-20 00:00:00','2011-12-20 00:00:00'),(273,273,'Долг просроченный резерв',0,10,4,'2003-06-20 02:00:00','2003-06-20 02:00:00'),(274,274,'Долг просроченный резерв',0,9,4,'2021-11-20 00:00:00','2021-11-20 00:00:00'),(275,275,'Долг просроченный резерв',0,9,4,'2019-02-20 02:00:00','2019-02-20 02:00:00'),(276,276,'Долг просроченный резерв',0,8,4,'2020-10-20 01:00:00','2020-10-20 01:00:00'),(277,277,'Долг просроченный резерв',0,7,4,'2027-06-20 01:00:00','2027-06-20 01:00:00'),(278,278,'Долг просроченный резерв',0,6,4,'2011-05-20 03:00:00','2011-05-20 03:00:00'),(279,279,'Долг просроченный резерв',0,5,4,'2002-11-20 01:00:00','2002-11-20 01:00:00'),(280,280,'Долг просроченный резерв',0,126,4,'2003-04-20 01:00:00','2003-04-20 01:00:00'),(281,281,'Долг просроченный резерв',0,4,4,'2010-11-20 01:00:00','2010-11-20 01:00:00'),(282,282,'Долг просроченный резерв',0,4,4,'2004-02-20 03:00:00','2004-02-20 03:00:00'),(283,283,'Долг просроченный резерв',0,4,4,'2021-02-20 01:00:00','2021-02-20 01:00:00'),(284,284,'Долг просроченный резерв',0,3,4,'2029-06-20 02:00:00','2029-06-20 02:00:00'),(285,285,'Долг просроченный резерв',0,73,4,'2026-07-20 01:00:00','2026-07-20 01:00:00'),(286,286,'Долг просроченный резерв',0,2,4,'2015-06-20 02:00:00','2015-06-20 02:00:00'),(287,287,'Долг просроченный резерв',0,1,4,'2016-05-20 03:00:00','2016-05-20 03:00:00'),(288,288,'Долг текущий',1,57,4,'2012-06-20 02:00:00','2012-06-20 02:00:00'),(289,289,'Долг текущий',1,57,4,'2028-10-20 02:00:00','2028-10-20 02:00:00'),(290,290,'Долг текущий',1,57,4,'2018-10-20 01:00:00','2018-10-20 01:00:00'),(291,291,'Долг текущий',1,57,4,'2013-12-20 00:00:00','2013-12-20 00:00:00'),(292,292,'Долг текущий',1,56,4,'2006-12-20 00:00:00','2006-12-20 00:00:00'),(293,293,'Долг текущий',1,56,4,'2008-09-20 01:00:00','2008-09-20 01:00:00'),(294,294,'Долг текущий',1,56,4,'2025-06-20 01:00:00','2025-06-20 01:00:00'),(295,295,'Долг текущий',1,59,4,'2020-01-20 01:00:00','2020-01-20 01:00:00'),(296,296,'Долг текущий',1,59,4,'2016-12-20 01:00:00','2016-12-20 01:00:00'),(297,297,'Долг текущий',1,59,4,'2021-06-20 01:00:00','2021-06-20 01:00:00'),(298,298,'Долг текущий',1,59,4,'2010-01-20 01:00:00','2010-01-20 01:00:00'),(299,299,'Долг текущий',1,59,4,'2014-01-20 02:00:00','2014-01-20 02:00:00'),(300,300,'Долг текущий',1,59,4,'2014-05-20 03:00:00','2014-05-20 03:00:00'),(301,301,'Долг текущий',1,59,4,'2017-12-20 01:00:00','2017-12-20 01:00:00'),(302,302,'Долг текущий',1,59,4,'2002-02-20 01:00:00','2002-02-20 01:00:00'),(303,303,'Долг текущий',1,59,4,'2029-12-20 00:00:00','2029-12-20 00:00:00'),(304,304,'Долг текущий',1,59,4,'2027-11-20 01:00:00','2027-11-20 01:00:00'),(305,305,'Долг текущий',1,59,4,'2015-01-20 01:00:00','2015-01-20 01:00:00'),(306,306,'Долг текущий',1,59,4,'2015-11-20 00:00:00','2015-11-20 00:00:00'),(307,307,'Долг текущий',1,60,4,'2023-06-20 03:00:00','2023-06-20 03:00:00'),(308,308,'Долг текущий',1,60,4,'2030-11-20 02:00:00','2030-11-20 02:00:00'),(309,309,'Долг текущий',1,60,4,'2017-01-20 03:00:00','2017-01-20 03:00:00'),(310,310,'Долг текущий',1,59,4,'2022-11-20 00:00:00','2022-11-20 00:00:00'),(311,311,'Долг текущий',1,59,4,'2028-05-20 02:00:00','2028-05-20 02:00:00'),(312,312,'Долг текущий',1,59,4,'2026-08-20 02:00:00','2026-08-20 02:00:00'),(313,313,'Долг текущий',1,59,4,'2028-09-20 02:00:00','2028-09-20 02:00:00'),(314,314,'Долг текущий',1,59,4,'2016-03-20 01:00:00','2016-03-20 01:00:00'),(315,315,'Долг текущий',1,59,4,'2014-05-20 01:00:00','2014-05-20 01:00:00'),(316,316,'Долг текущий',1,59,4,'2030-06-20 02:00:00','2030-06-20 02:00:00'),(317,317,'Долг текущий',1,52,4,'2019-05-20 02:00:00','2019-05-20 02:00:00'),(318,318,'Долг текущий',1,53,4,'2009-08-20 01:00:00','2009-08-20 01:00:00'),(319,319,'Долг текущий',1,61,4,'2009-06-20 03:00:00','2009-06-20 03:00:00'),(320,320,'Долг текущий',1,54,4,'2020-11-20 01:00:00','2020-11-20 01:00:00'),(321,321,'Долг текущий',1,54,4,'2010-01-20 03:00:00','2010-01-20 03:00:00'),(322,322,'Долг текущий',1,62,4,'2025-09-20 01:00:00','2025-09-20 01:00:00'),(323,323,'Долг текущий',1,127,4,'2023-02-20 01:00:00','2023-02-20 01:00:00'),(324,324,'Долг текущий',1,127,4,'2024-06-20 02:00:00','2024-06-20 02:00:00'),(325,325,'Долг текущий',1,63,4,'2031-01-20 02:00:00','2031-01-20 02:00:00'),(326,326,'Долг текущий',1,64,4,'2006-10-20 02:00:00','2006-10-20 02:00:00'),(327,327,'Долг текущий',1,55,4,'2015-12-20 01:00:00','2015-12-20 01:00:00'),(328,328,'Долг текущий',1,65,4,'2002-08-20 03:00:00','2002-08-20 03:00:00'),(329,329,'Долг текущий',1,67,4,'2010-11-20 01:00:00','2010-11-20 01:00:00'),(330,330,'Долг текущий',1,66,4,'2026-06-20 01:00:00','2026-06-20 01:00:00'),(331,331,'Долг текущий',1,67,4,'2026-06-20 03:00:00','2026-06-20 03:00:00'),(332,332,'Долг текущий',1,68,4,'2030-05-20 02:00:00','2030-05-20 02:00:00'),(333,333,'Долг текущий',1,68,4,'2024-09-20 02:00:00','2024-09-20 02:00:00'),(334,334,'Долг текущий',1,69,4,'2009-03-20 01:00:00','2009-03-20 01:00:00'),(335,335,'Долг текущий',1,70,4,'2021-12-20 01:00:00','2021-12-20 01:00:00'),(336,336,'Долг текущий',1,71,4,'2024-02-20 01:00:00','2024-02-20 01:00:00'),(337,337,'Долг текущий',1,72,4,'2010-10-20 02:00:00','2010-10-20 02:00:00'),(338,338,'Долг текущий',1,73,4,'2030-03-20 02:00:00','2030-03-20 02:00:00'),(339,339,'Долг текущий',1,74,4,'2026-10-20 02:00:00','2026-10-20 02:00:00'),(340,340,'Долг текущий',1,74,4,'2019-04-20 03:00:00','2019-04-20 03:00:00'),(341,341,'Долг текущий',1,75,4,'2013-07-20 01:00:00','2013-07-20 01:00:00'),(342,342,'Долг текущий',1,76,4,'2007-01-20 03:00:00','2007-01-20 03:00:00'),(343,343,'Долг текущий',1,49,4,'2021-05-20 01:00:00','2021-05-20 01:00:00'),(344,344,'Долг текущий',1,49,4,'2016-12-20 01:00:00','2016-12-20 01:00:00'),(345,345,'Долг текущий',1,77,4,'2026-12-20 01:00:00','2026-12-20 01:00:00'),(346,346,'Долг текущий',1,50,4,'2016-08-20 03:00:00','2016-08-20 03:00:00'),(347,347,'Долг текущий',1,128,4,'2026-06-20 03:00:00','2026-06-20 03:00:00'),(348,348,'Долг текущий',1,78,4,'2017-06-20 03:00:00','2017-06-20 03:00:00'),(349,349,'Долг текущий',1,48,4,'2030-03-20 01:00:00','2030-03-20 01:00:00'),(350,350,'Долг текущий',1,79,4,'2006-03-20 01:00:00','2006-03-20 01:00:00'),(351,351,'Долг текущий',1,80,4,'2020-05-20 03:00:00','2020-05-20 03:00:00'),(352,352,'Долг текущий',1,80,4,'2018-12-20 02:00:00','2018-12-20 02:00:00'),(353,353,'Долг текущий',1,81,4,'2022-06-20 01:00:00','2022-06-20 01:00:00'),(354,354,'Долг текущий',1,81,4,'2023-04-20 02:00:00','2023-04-20 02:00:00'),(355,355,'Долг текущий',1,82,4,'2029-03-20 03:00:00','2029-03-20 03:00:00'),(356,356,'Долг текущий',1,83,4,'2020-03-20 01:00:00','2020-03-20 01:00:00'),(357,357,'Долг текущий',1,84,4,'2010-10-20 01:00:00','2010-10-20 01:00:00'),(358,358,'Долг текущий',1,85,4,'2011-12-20 02:00:00','2011-12-20 02:00:00'),(359,359,'Долг текущий',1,51,4,'2015-08-20 03:00:00','2015-08-20 03:00:00'),(360,360,'Долг текущий',1,51,4,'2003-12-20 01:00:00','2003-12-20 01:00:00'),(361,361,'Долг текущий',1,86,4,'2005-03-20 02:00:00','2005-03-20 02:00:00'),(362,362,'Долг текущий',1,47,4,'2008-02-20 02:00:00','2008-02-20 02:00:00'),(363,363,'Долг текущий',1,87,4,'2031-01-20 01:00:00','2031-01-20 01:00:00'),(364,364,'Долг текущий',1,46,4,'2020-02-20 03:00:00','2020-02-20 03:00:00'),(365,365,'Долг текущий',1,45,4,'2010-11-20 02:00:00','2010-11-20 02:00:00'),(366,366,'Долг текущий',1,88,4,'2021-09-20 02:00:00','2021-09-20 02:00:00'),(367,367,'Долг текущий',1,89,4,'2031-05-20 01:00:00','2031-05-20 01:00:00'),(368,368,'Долг текущий',1,81,4,'2023-02-20 02:00:00','2023-02-20 02:00:00'),(369,369,'Долг текущий',1,91,4,'2009-04-20 03:00:00','2009-04-20 03:00:00'),(370,370,'Долг текущий',1,90,4,'2011-11-20 01:00:00','2011-11-20 01:00:00'),(371,371,'Долг текущий',1,44,4,'2009-02-20 03:00:00','2009-02-20 03:00:00'),(372,372,'Долг текущий',1,44,4,'2025-12-20 01:00:00','2025-12-20 01:00:00'),(373,373,'Долг текущий',1,92,4,'2017-03-20 02:00:00','2017-03-20 02:00:00'),(374,374,'Долг текущий',1,43,4,'2024-12-20 01:00:00','2024-12-20 01:00:00'),(375,375,'Долг текущий',1,93,4,'2025-11-20 01:00:00','2025-11-20 01:00:00'),(376,376,'Долг текущий',1,129,4,'2024-11-20 01:00:00','2024-11-20 01:00:00'),(377,377,'Долг текущий',1,130,4,'2015-03-20 02:00:00','2015-03-20 02:00:00'),(378,378,'Долг текущий',1,94,4,'2011-02-20 02:00:00','2011-02-20 02:00:00'),(379,379,'Долг текущий',1,42,4,'2024-03-20 03:00:00','2024-03-20 03:00:00'),(380,380,'Долг текущий',1,42,4,'2022-04-20 03:00:00','2022-04-20 03:00:00'),(381,381,'Долг текущий',1,41,4,'2028-01-20 03:00:00','2028-01-20 03:00:00'),(382,382,'Долг текущий',1,41,4,'2001-02-20 01:00:00','2001-02-20 01:00:00'),(383,383,'Долг текущий',1,95,4,'2023-07-20 02:00:00','2023-07-20 02:00:00'),(384,384,'Долг текущий',1,131,4,'2019-09-20 01:00:00','2019-09-20 01:00:00'),(385,385,'Долг текущий',1,96,4,'2015-08-20 02:00:00','2015-08-20 02:00:00'),(386,386,'Долг текущий',1,40,4,'2030-03-20 03:00:00','2030-03-20 03:00:00'),(387,387,'Долг текущий',1,39,4,'2014-08-20 03:00:00','2014-08-20 03:00:00'),(388,388,'Долг текущий',1,38,4,'2023-11-20 01:00:00','2023-11-20 01:00:00'),(389,389,'Долг текущий',1,97,4,'2015-05-20 02:00:00','2015-05-20 02:00:00'),(390,390,'Долг текущий',1,37,4,'2004-05-20 02:00:00','2004-05-20 02:00:00'),(391,391,'Долг текущий',1,132,4,'2022-03-20 02:00:00','2022-03-20 02:00:00'),(392,392,'Долг текущий',1,36,4,'2019-11-20 01:00:00','2019-11-20 01:00:00'),(393,393,'Долг текущий',1,35,4,'2014-06-20 03:00:00','2014-06-20 03:00:00'),(394,394,'Долг текущий',1,34,4,'2008-04-20 02:00:00','2008-04-20 02:00:00'),(395,395,'Долг текущий',1,98,4,'2002-10-20 02:00:00','2002-10-20 02:00:00'),(396,396,'Долг текущий',1,98,4,'2025-11-20 01:00:00','2025-11-20 01:00:00'),(397,397,'Долг текущий',1,99,4,'2027-07-20 03:00:00','2027-07-20 03:00:00'),(398,398,'Долг текущий',1,33,4,'2008-04-20 03:00:00','2008-04-20 03:00:00'),(399,399,'Долг текущий',1,101,4,'2016-08-20 01:00:00','2016-08-20 01:00:00'),(400,400,'Долг текущий',1,102,4,'2025-07-20 02:00:00','2025-07-20 02:00:00'),(401,401,'Долг текущий',1,133,4,'2030-03-20 03:00:00','2030-03-20 03:00:00'),(402,402,'Долг текущий',1,103,4,'2005-11-20 01:00:00','2005-11-20 01:00:00'),(403,403,'Долг текущий',1,134,4,'2029-11-20 01:00:00','2029-11-20 01:00:00'),(404,404,'Долг текущий',1,32,4,'2007-01-20 03:00:00','2007-01-20 03:00:00'),(405,405,'Долг текущий',1,104,4,'2025-02-20 03:00:00','2025-02-20 03:00:00'),(406,406,'Долг текущий',1,31,4,'2031-12-20 02:00:00','2031-12-20 02:00:00'),(407,407,'Долг текущий',1,16,4,'2031-12-20 01:00:00','2031-12-20 01:00:00'),(408,408,'Долг текущий',1,105,4,'2018-09-20 02:00:00','2018-09-20 02:00:00'),(409,409,'Долг текущий',1,30,4,'2024-01-20 03:00:00','2024-01-20 03:00:00'),(410,410,'Долг текущий',1,106,4,'2021-01-20 02:00:00','2021-01-20 02:00:00'),(411,411,'Долг текущий',1,135,4,'2021-06-20 01:00:00','2021-06-20 01:00:00'),(412,412,'Долг текущий',1,29,4,'2014-11-20 01:00:00','2014-11-20 01:00:00'),(413,413,'Долг текущий',1,108,4,'2003-05-20 02:00:00','2003-05-20 02:00:00'),(414,414,'Долг текущий',1,107,4,'2020-01-20 03:00:00','2020-01-20 03:00:00'),(415,415,'Долг текущий',1,109,4,'2022-06-20 01:00:00','2022-06-20 01:00:00'),(416,416,'Долг текущий',1,109,4,'2001-04-20 02:00:00','2001-04-20 02:00:00'),(417,417,'Долг текущий',1,109,4,'2020-10-20 01:00:00','2020-10-20 01:00:00'),(418,418,'Долг текущий',1,110,4,'2006-02-20 02:00:00','2006-02-20 02:00:00'),(419,419,'Долг текущий',1,111,4,'2023-09-20 01:00:00','2023-09-20 01:00:00'),(420,420,'Долг текущий',1,112,4,'2022-03-20 02:00:00','2022-03-20 02:00:00'),(421,421,'Долг текущий',1,28,4,'2015-02-20 02:00:00','2015-02-20 02:00:00'),(422,422,'Долг текущий',1,136,4,'2030-08-20 01:00:00','2030-08-20 01:00:00'),(423,423,'Долг текущий',1,113,4,'2007-03-20 01:00:00','2007-03-20 01:00:00'),(424,424,'Долг текущий',1,27,4,'2011-12-20 01:00:00','2011-12-20 01:00:00'),(425,425,'Долг текущий',1,114,4,'2029-07-20 02:00:00','2029-07-20 02:00:00'),(426,426,'Долг текущий',1,26,4,'2005-08-20 03:00:00','2005-08-20 03:00:00'),(427,427,'Долг текущий',1,115,4,'2013-05-20 02:00:00','2013-05-20 02:00:00'),(428,428,'Долг текущий',1,137,4,'2030-04-20 01:00:00','2030-04-20 01:00:00'),(429,429,'Долг текущий',1,25,4,'2005-02-20 03:00:00','2005-02-20 03:00:00'),(430,430,'Долг текущий',1,116,4,'2015-12-20 02:00:00','2015-12-20 02:00:00'),(431,431,'Долг текущий',1,117,4,'2021-10-20 02:00:00','2021-10-20 02:00:00'),(432,432,'Долг текущий',1,118,4,'2019-05-20 02:00:00','2019-05-20 02:00:00'),(433,433,'Долг текущий',1,24,4,'2003-03-20 03:00:00','2003-03-20 03:00:00'),(434,434,'Долг текущий',1,23,4,'2027-01-20 03:00:00','2027-01-20 03:00:00'),(435,435,'Долг текущий',1,23,4,'2020-05-20 03:00:00','2020-05-20 03:00:00'),(436,436,'Долг текущий',1,22,4,'2023-03-20 01:00:00','2023-03-20 01:00:00'),(437,437,'Долг текущий',1,119,4,'2011-01-20 02:00:00','2011-01-20 02:00:00'),(438,438,'Долг текущий',1,120,4,'2006-12-20 03:00:00','2006-12-20 03:00:00'),(439,439,'Долг текущий',1,21,4,'2027-05-20 03:00:00','2027-05-20 03:00:00'),(440,440,'Долг текущий',1,20,4,'2027-10-20 02:00:00','2027-10-20 02:00:00'),(441,441,'Долг просроченный',1,19,4,'2028-05-20 03:00:00','2028-05-20 03:00:00'),(442,442,'Долг просроченный',1,22,4,'2002-05-20 03:00:00','2002-05-20 03:00:00'),(443,443,'Долг просроченный',1,18,4,'2018-07-20 02:00:00','2018-07-20 02:00:00'),(444,444,'Долг просроченный',1,121,4,'2031-05-20 01:00:00','2031-05-20 01:00:00'),(445,445,'Долг просроченный',1,122,4,'2017-06-20 03:00:00','2017-06-20 03:00:00'),(446,446,'Долг просроченный',1,16,4,'2023-12-20 01:00:00','2023-12-20 01:00:00'),(447,447,'Долг просроченный',1,15,4,'2013-01-20 03:00:00','2013-01-20 03:00:00'),(448,448,'Долг просроченный',1,15,4,'2026-04-20 02:00:00','2026-04-20 02:00:00'),(449,449,'Долг просроченный',1,13,4,'2004-12-20 02:00:00','2004-12-20 02:00:00'),(450,450,'Долг просроченный',1,13,4,'2013-01-20 02:00:00','2013-01-20 02:00:00'),(451,451,'Долг просроченный',1,13,4,'2014-04-20 02:00:00','2014-04-20 02:00:00'),(452,452,'Долг просроченный',1,123,4,'2023-08-20 01:00:00','2023-08-20 01:00:00'),(453,453,'Долг просроченный',1,14,4,'2014-08-20 02:00:00','2014-08-20 02:00:00'),(454,454,'Долг просроченный',1,13,4,'2014-08-20 02:00:00','2014-08-20 02:00:00'),(455,455,'Долг просроченный',1,124,4,'2004-09-20 02:00:00','2004-09-20 02:00:00'),(456,456,'Долг просроченный',1,125,4,'2015-04-20 02:00:00','2015-04-20 02:00:00'),(457,457,'Долг просроченный',1,125,4,'2008-10-20 01:00:00','2008-10-20 01:00:00'),(458,458,'Долг просроченный',1,12,4,'2003-07-20 03:00:00','2003-07-20 03:00:00'),(459,459,'Долг просроченный',1,11,4,'2022-04-20 03:00:00','2022-04-20 03:00:00'),(460,460,'Долг просроченный',1,10,4,'2028-04-20 02:00:00','2028-04-20 02:00:00'),(461,461,'Долг просроченный',1,9,4,'2003-06-20 02:00:00','2003-06-20 02:00:00'),(462,462,'Долг просроченный',1,9,4,'2009-04-20 01:00:00','2009-04-20 01:00:00'),(463,463,'Долг просроченный',1,8,4,'2008-10-20 03:00:00','2008-10-20 03:00:00'),(464,464,'Долг просроченный',1,7,4,'2011-08-20 01:00:00','2011-08-20 01:00:00'),(465,465,'Долг просроченный',1,6,4,'2012-04-20 03:00:00','2012-04-20 03:00:00'),(466,466,'Долг просроченный',1,5,4,'2022-10-20 02:00:00','2022-10-20 02:00:00'),(467,467,'Долг просроченный',1,126,4,'2010-10-20 02:00:00','2010-10-20 02:00:00'),(468,468,'Долг просроченный',1,4,4,'2026-10-20 03:00:00','2026-10-20 03:00:00'),(469,469,'Долг просроченный',1,4,4,'2005-05-20 03:00:00','2005-05-20 03:00:00'),(470,470,'Долг просроченный',1,4,4,'2028-10-20 02:00:00','2028-10-20 02:00:00'),(471,471,'Долг просроченный',1,3,4,'2011-11-20 02:00:00','2011-11-20 02:00:00'),(472,472,'Долг просроченный',1,73,4,'2022-10-20 02:00:00','2022-10-20 02:00:00'),(473,473,'Долг просроченный',1,2,4,'2003-03-20 02:00:00','2003-03-20 02:00:00'),(474,474,'Долг просроченный',1,1,4,'2027-10-20 02:00:00','2027-10-20 02:00:00'),(475,475,'Обеспечение',1,64,4,'2026-05-20 01:00:00','2026-05-20 01:00:00'),(476,476,'Обеспечение',1,10,4,'2014-02-20 02:00:00','2014-02-20 02:00:00'),(477,477,'Обеспечение',1,92,4,'2003-12-20 03:00:00','2003-12-20 03:00:00'),(478,478,'Обеспечение',1,4,4,'2015-05-20 03:00:00','2015-05-20 03:00:00'),(479,479,'Обеспечение',1,76,4,'2004-09-20 01:00:00','2004-09-20 01:00:00'),(480,480,'Обеспечение',1,135,4,'2031-03-20 03:00:00','2031-03-20 03:00:00'),(481,481,'Обеспечение',1,57,4,'2014-01-20 04:00:00','2014-01-20 04:00:00'),(482,482,'Обеспечение',1,134,4,'2021-12-20 03:00:00','2021-12-20 03:00:00'),(483,483,'Обеспечение',1,137,4,'2027-05-20 01:00:00','2027-05-20 01:00:00'),(484,484,'Обеспечение',1,44,4,'2005-05-20 03:00:00','2005-05-20 03:00:00'),(485,485,'Обеспечение',1,74,4,'2009-12-20 02:00:00','2009-12-20 02:00:00'),(486,486,'Обеспечение',1,96,4,'2006-08-20 03:00:00','2006-08-20 03:00:00'),(487,487,'Обеспечение',1,132,4,'2008-05-20 03:00:00','2008-05-20 03:00:00'),(488,488,'Обеспечение',1,57,4,'2019-11-20 02:00:00','2019-11-20 02:00:00'),(489,489,'Обеспечение',1,57,4,'2007-01-20 04:00:00','2007-01-20 04:00:00'),(490,490,'Обеспечение',1,77,4,'2017-03-20 03:00:00','2017-03-20 03:00:00'),(491,491,'Обеспечение',1,54,4,'2010-04-20 02:00:00','2010-04-20 02:00:00'),(492,492,'Обеспечение',1,18,4,'2010-12-20 03:00:00','2010-12-20 03:00:00'),(493,493,'Обеспечение',1,61,4,'2031-08-20 01:00:00','2031-08-20 01:00:00'),(494,494,'Обеспечение',1,131,4,'2026-08-20 02:00:00','2026-08-20 02:00:00'),(495,495,'Обеспечение',1,63,4,'2018-06-20 03:00:00','2018-06-20 03:00:00'),(496,496,'Обеспечение',1,38,4,'2001-09-20 03:00:00','2001-09-20 03:00:00'),(497,497,'Обеспечение',1,67,4,'2025-05-20 02:00:00','2025-05-20 02:00:00'),(498,498,'Обеспечение',1,68,4,'2005-02-20 02:00:00','2005-02-20 02:00:00'),(499,499,'Обеспечение',1,65,4,'2023-08-20 01:00:00','2023-08-20 01:00:00'),(500,500,'Обеспечение',1,133,4,'2009-09-20 02:00:00','2009-09-20 02:00:00'),(501,501,'Обеспечение',1,127,4,'2015-05-20 03:00:00','2015-05-20 03:00:00'),(502,502,'Обеспечение',1,127,4,'2002-03-20 02:00:00','2002-03-20 02:00:00'),(503,503,'Обеспечение',1,81,4,'2026-05-20 02:00:00','2026-05-20 02:00:00'),(504,504,'Обеспечение',1,81,4,'2028-03-20 03:00:00','2028-03-20 03:00:00'),(505,505,'Обеспечение',1,81,4,'2025-06-20 01:00:00','2025-06-20 01:00:00'),(506,506,'Обеспечение',1,59,4,'2007-12-20 01:00:00','2007-12-20 01:00:00'),(507,507,'Обеспечение',1,58,4,'2021-04-20 03:00:00','2021-04-20 03:00:00'),(508,508,'Обеспечение',1,58,4,'2029-05-20 01:00:00','2029-05-20 01:00:00'),(509,509,'Обеспечение',1,58,4,'2010-01-20 04:00:00','2010-01-20 04:00:00'),(510,510,'Обеспечение',1,58,4,'2018-09-20 01:00:00','2018-09-20 01:00:00'),(511,511,'Обеспечение',1,59,4,'2016-10-20 02:00:00','2016-10-20 02:00:00'),(512,512,'Обеспечение',1,58,4,'2020-08-20 02:00:00','2020-08-20 02:00:00'),(513,513,'Обеспечение',1,59,4,'2031-01-20 03:00:00','2031-01-20 03:00:00'),(514,514,'Обеспечение',1,58,4,'2018-02-20 02:00:00','2018-02-20 02:00:00'),(515,515,'Обеспечение',1,59,4,'2024-07-20 01:00:00','2024-07-20 01:00:00'),(516,516,'Обеспечение',1,59,4,'2027-08-20 03:00:00','2027-08-20 03:00:00'),(517,517,'Обеспечение',1,58,4,'2010-10-20 03:00:00','2010-10-20 03:00:00'),(518,518,'Обеспечение',1,59,4,'2025-06-20 03:00:00','2025-06-20 03:00:00'),(519,519,'Обеспечение',1,59,4,'2020-06-20 02:00:00','2020-06-20 02:00:00'),(520,520,'Обеспечение',1,59,4,'2005-03-20 02:00:00','2005-03-20 02:00:00'),(521,521,'Обеспечение',1,58,4,'2031-10-20 02:00:00','2031-10-20 02:00:00'),(522,522,'Обеспечение',1,58,4,'2007-12-20 02:00:00','2007-12-20 02:00:00'),(523,523,'Обеспечение',1,49,4,'2015-06-20 03:00:00','2015-06-20 03:00:00'),(524,524,'Обеспечение',1,15,4,'2012-01-20 02:00:00','2012-01-20 02:00:00'),(525,525,'Обеспечение',1,15,4,'2009-08-20 02:00:00','2009-08-20 02:00:00'),(526,526,'Обеспечение',1,125,4,'2015-10-20 02:00:00','2015-10-20 02:00:00'),(527,527,'Обеспечение',1,125,4,'2013-12-20 01:00:00','2013-12-20 01:00:00'),(528,528,'Обеспечение',1,121,4,'2012-10-20 01:00:00','2012-10-20 01:00:00'),(529,529,'Обеспечение',1,55,4,'2019-03-20 02:00:00','2019-03-20 02:00:00'),(530,530,'Обеспечение',1,130,4,'2018-02-20 02:00:00','2018-02-20 02:00:00'),(531,531,'Обеспечение',1,23,4,'2021-12-20 01:00:00','2021-12-20 01:00:00'),(532,532,'Обеспечение',1,72,4,'2026-01-20 03:00:00','2026-01-20 03:00:00'),(533,533,'Обеспечение',1,66,4,'2017-01-20 03:00:00','2017-01-20 03:00:00'),(534,534,'Обеспечение',1,71,4,'2019-04-20 03:00:00','2019-04-20 03:00:00'),(535,535,'Обеспечение',1,22,4,'2025-04-20 03:00:00','2025-04-20 03:00:00'),(536,536,'Обеспечение',1,68,4,'2029-04-20 02:00:00','2029-04-20 02:00:00'),(537,537,'Обеспечение',1,47,4,'2004-07-20 03:00:00','2004-07-20 03:00:00'),(538,538,'Обеспечение',1,128,4,'2013-10-20 03:00:00','2013-10-20 03:00:00'),(539,539,'Обеспечение',1,78,4,'2026-11-20 02:00:00','2026-11-20 02:00:00'),(540,540,'Обеспечение',1,109,4,'2023-12-20 01:00:00','2023-12-20 01:00:00'),(541,541,'Обеспечение',1,109,4,'2020-11-20 02:00:00','2020-11-20 02:00:00'),(542,542,'Обеспечение',1,109,4,'2022-12-20 01:00:00','2022-12-20 01:00:00'),(543,543,'Обеспечение',1,88,4,'2020-10-20 03:00:00','2020-10-20 03:00:00'),(544,544,'Обеспечение',1,44,4,'2015-11-20 01:00:00','2015-11-20 01:00:00'),(545,545,'Обеспечение',1,39,4,'2015-05-20 03:00:00','2015-05-20 03:00:00'),(546,546,'Обеспечение',1,73,4,'2016-10-20 02:00:00','2016-10-20 02:00:00'),(547,547,'Обеспечение',1,8,4,'2011-06-20 03:00:00','2011-06-20 03:00:00'),(548,548,'Обеспечение',1,123,4,'2014-03-20 03:00:00','2014-03-20 03:00:00'),(549,549,'Обеспечение',1,124,4,'2013-12-20 01:00:00','2013-12-20 01:00:00'),(550,550,'Обеспечение',1,19,4,'2009-08-20 01:00:00','2009-08-20 01:00:00'),(551,551,'Обеспечение',1,9,4,'2006-11-20 02:00:00','2006-11-20 02:00:00'),(552,552,'Обеспечение',1,122,4,'2024-08-20 03:00:00','2024-08-20 03:00:00'),(553,553,'Обеспечение',1,13,4,'2020-04-20 02:00:00','2020-04-20 02:00:00'),(554,554,'Обеспечение',1,13,4,'2009-08-20 01:00:00','2009-08-20 01:00:00'),(555,555,'Обеспечение',1,13,4,'2008-03-20 04:00:00','2008-03-20 04:00:00'),(556,556,'Обеспечение',1,13,4,'2026-08-20 01:00:00','2026-08-20 01:00:00'),(557,557,'Обеспечение',1,14,4,'2029-04-20 02:00:00','2029-04-20 02:00:00'),(558,558,'Обеспечение',1,52,4,'2018-10-20 02:00:00','2018-10-20 02:00:00'),(559,559,'Обеспечение',1,53,4,'2022-01-20 03:00:00','2022-01-20 03:00:00'),(560,560,'Обеспечение',1,50,4,'2021-11-20 02:00:00','2021-11-20 02:00:00'),(561,561,'Обеспечение',1,114,4,'2011-08-20 03:00:00','2011-08-20 03:00:00'),(562,562,'Обеспечение',1,45,4,'2024-12-20 01:00:00','2024-12-20 01:00:00'),(563,563,'Обеспечение',1,7,4,'2020-04-20 02:00:00','2020-04-20 02:00:00'),(564,564,'Обеспечение',1,11,4,'2027-12-20 03:00:00','2027-12-20 03:00:00'),(565,565,'Обеспечение',1,4,4,'2030-04-20 02:00:00','2030-04-20 02:00:00'),(566,566,'Обеспечение',1,34,4,'2015-01-20 03:00:00','2015-01-20 03:00:00'),(567,567,'Обеспечение',1,27,4,'2013-02-20 02:00:00','2013-02-20 02:00:00'),(568,568,'Обеспечение',1,29,4,'2015-11-20 02:00:00','2015-11-20 02:00:00'),(569,569,'Обеспечение',1,26,4,'2018-11-20 02:00:00','2018-11-20 02:00:00'),(570,570,'Обеспечение',1,32,4,'2007-08-20 01:00:00','2007-08-20 01:00:00'),(571,571,'Обеспечение',1,115,4,'2016-05-20 02:00:00','2016-05-20 02:00:00'),(572,572,'Обеспечение',1,41,4,'2004-11-20 03:00:00','2004-11-20 03:00:00'),(573,573,'Обеспечение',1,99,4,'2022-11-20 03:00:00','2022-11-20 03:00:00'),(574,574,'Обеспечение',1,93,4,'2011-12-20 01:00:00','2011-12-20 01:00:00'),(575,575,'Обеспечение',1,51,4,'2022-03-20 03:00:00','2022-03-20 03:00:00'),(576,576,'Обеспечение',1,51,4,'2013-04-20 03:00:00','2013-04-20 03:00:00'),(577,577,'Обеспечение',1,16,4,'2007-07-20 02:00:00','2007-07-20 02:00:00'),(578,578,'Обеспечение',1,40,4,'2029-08-20 03:00:00','2029-08-20 03:00:00'),(579,579,'Обеспечение',1,35,4,'2005-10-20 03:00:00','2005-10-20 03:00:00'),(580,580,'Обеспечение',1,101,4,'2011-03-20 04:00:00','2011-03-20 04:00:00'),(581,581,'Обеспечение',1,3,4,'2028-12-20 01:00:00','2028-12-20 01:00:00'),(582,582,'Обеспечение',1,69,4,'2018-06-20 03:00:00','2018-06-20 03:00:00'),(583,583,'Обеспечение',1,86,4,'2012-04-20 03:00:00','2012-04-20 03:00:00'),(584,584,'Обеспечение',1,9,4,'2002-12-20 02:00:00','2002-12-20 02:00:00'),(585,585,'Обеспечение',1,91,4,'2023-08-20 01:00:00','2023-08-20 01:00:00'),(586,586,'Обеспечение',1,41,4,'2001-05-20 02:00:00','2001-05-20 02:00:00'),(587,587,'Обеспечение',1,4,4,'2020-11-20 01:00:00','2020-11-20 01:00:00'),(588,588,'Обеспечение',1,103,4,'2016-10-20 02:00:00','2016-10-20 02:00:00'),(589,589,'Обеспечение',1,48,4,'2011-08-20 02:00:00','2011-08-20 02:00:00'),(590,590,'Обеспечение',1,110,4,'2014-08-20 01:00:00','2014-08-20 01:00:00'),(591,591,'Корсчет',1,NULL,4,'2007-04-20 02:00:00','2007-04-20 02:00:00'),(592,592,'Расходы',1,NULL,4,'2019-09-20 03:00:00','2019-09-20 03:00:00'),(593,593,'Доходы',0,NULL,4,'2006-11-20 02:00:00','2006-11-20 02:00:00'),(594,594,'Внебаланс',1,NULL,4,'2030-01-20 03:00:00','2030-01-20 03:00:00');
/*!40000 ALTER TABLE `accounts_info` ENABLE KEYS */;
UNLOCK TABLES;

--
-- Table structure for table `clients`
--

DROP TABLE IF EXISTS `clients`;
/*!40101 SET @saved_cs_client     = @@character_set_client */;
/*!50503 SET character_set_client = utf8mb4 */;
CREATE TABLE `clients` (
  `id` bigint unsigned NOT NULL AUTO_INCREMENT,
  `name` varchar(255) DEFAULT NULL COMMENT 'Наименование организации / имя заемщика-физ.лица',
  `surname` varchar(255) DEFAULT NULL COMMENT 'Фамилия заемщика-физ.лица',
  `birthday` date DEFAULT NULL COMMENT 'Дата создания / рождения',
  `inn` varchar(255) DEFAULT NULL COMMENT ' ИНН',
  `created_at` datetime DEFAULT NULL,
  `updated_at` datetime DEFAULT NULL,
  `is_worker` tinyint(1) DEFAULT NULL COMMENT 'Является ли клиент работником банка',
  `is_organization` tinyint(1) DEFAULT NULL COMMENT 'Является ли клиент организацией',
  PRIMARY KEY (`id`),
  UNIQUE KEY `id` (`id`)
) ENGINE=InnoDB AUTO_INCREMENT=140 DEFAULT CHARSET=utf8mb4 COLLATE=utf8mb4_0900_ai_ci;
/*!40101 SET character_set_client = @saved_cs_client */;

--
-- Dumping data for table `clients`
--

LOCK TABLES `clients` WRITE;
/*!40000 ALTER TABLE `clients` DISABLE KEYS */;
INSERT INTO `clients` VALUES (1,'ООО \" LG пеццолайо \"','','2021-09-20','7737465684','2021-09-20 15:00:00','2021-09-20 15:00:00',0,1),(2,'ПАО \" анкистрон навигатор \"','','2014-12-20','7745959419','2014-12-20 11:00:00','2014-12-20 11:00:00',0,1),(3,'ООО \" автокухня судомойка \"','','2002-10-20','7734433045','2002-10-20 17:00:00','2002-10-20 17:00:00',0,1),(4,'АО \" азиатчина повечерие \"','','2012-07-20','7732205524','2011-07-20 16:00:00','2011-07-20 16:00:00',0,1),(5,'ООО \" адипометр массажист \"','','2020-12-20','7756568650','2020-12-20 17:00:00','2020-12-20 17:00:00',0,1),(6,'АО \" азоогения ландкарта \"','','2004-09-20','7799769465','2004-09-20 17:00:00','2004-09-20 17:00:00',0,1),(7,'ООО \" аллилиден полиплекс \"','','2008-10-20','7722165617','2008-10-20 18:00:00','2008-10-20 18:00:00',0,1),(8,'ООО \" альстонит пирозамок \"','','2029-07-20','7728880836','2028-07-20 16:00:00','2028-07-20 16:00:00',0,1),(9,'ООО \" авиатариф фрюктидор \"','','2025-05-20','7739896081','2025-05-20 17:00:00','2025-05-20 17:00:00',0,1),(10,'АО \" аккордион пуходерка \"','','2023-08-20','7720928889','2023-08-20 17:00:00','2023-08-20 17:00:00',0,1),(11,'ПАО \" анкарамит цинерария \"','','2001-03-20','7765119133','2001-03-20 18:00:00','2001-03-20 18:00:00',0,1),(12,'ООО \" алкандиол разломщик \"','','2007-06-20','7748459253','2007-06-20 18:00:00','2007-06-20 18:00:00',0,1),(13,'ООО \" автовинил наругание \"','','2008-11-20','7723116781','2008-11-20 18:00:00','2008-11-20 18:00:00',0,1),(14,'ООО \" алтеплаза энхондроз \"','','2029-06-20','7769995572','2029-06-20 17:00:00','2029-06-20 17:00:00',0,1),(15,'ПАО \" альфатрон тератоген \"','','2029-06-20','7737050060','2029-06-20 17:00:00','2029-06-20 17:00:00',0,1),(16,'ПАО \" амилкетон торреонец \"','','2011-12-20','7731101749','2011-12-20 17:00:00','2011-12-20 17:00:00',0,1),(17,'АО \" аккордион карбоксид \"','','2022-11-20','7728423943','2022-11-20 18:00:00','2022-11-20 18:00:00',0,1),(18,'АО \" адипометр порывание \"','','2004-04-20','7745123493','2004-04-20 17:00:00','2004-04-20 17:00:00',0,1),(19,'ООО \" автокухня страховит \"','','2026-12-20','7792734476','2026-12-20 17:00:00','2026-12-20 17:00:00',0,1),(20,'ПАО \" амилкетон толеданка \"','','2007-11-20','7767648935','2007-11-20 18:00:00','2007-11-20 18:00:00',0,1),(21,'НАО \" Samsung псевдотип \"','','2015-11-20','7764441977','2015-11-20 18:00:00','2015-11-20 18:00:00',0,1),(22,'НАО \" Philips порывание \"','','2023-04-20','7725047923','2023-04-20 15:00:00','2023-04-20 15:00:00',0,1),(23,'АО \" адоптиане леовчанка \"','','2022-11-20','7769977581','2022-11-20 18:00:00','2022-11-20 18:00:00',0,1),(24,'ООО \" Apple манеженье \"','','2013-12-20','7741082561','2013-12-20 17:00:00','2013-12-20 17:00:00',0,1),(25,'НАО \" Philips кимберлит \"','','2007-06-20','7712000326','2007-06-20 17:00:00','2007-06-20 17:00:00',0,1),(26,'ООО \" альстонит пузырница \"','','2026-06-20','7729192904','2026-06-20 18:00:00','2026-06-20 18:00:00',0,1),(27,'ПАО \" альфатрон рицотомия \"','','2019-03-20','7773229135','2018-03-20 16:00:00','2018-03-20 16:00:00',0,1),(28,'АО \" аккордион курсистка \"','','2026-03-20','7741254479','2025-03-20 16:00:00','2025-03-20 16:00:00',0,1),(29,'ООО \" альстонит неустойка \"','','2029-05-20','7745288206','2029-05-20 18:00:00','2029-05-20 18:00:00',0,1),(30,'АО \" азоогения лудильщик \"','','2021-08-20','7718179316','2021-08-20 18:00:00','2021-08-20 18:00:00',0,1),(31,'АО \" азиатчина нерадивец \"','','2023-08-20','7710705854','2023-08-20 18:00:00','2023-08-20 18:00:00',0,1),(32,'ПАО \" анакротия рутинозид \"','','2022-03-20','7707123760','2022-03-20 17:00:00','2022-03-20 17:00:00',0,1),(33,'ПАО \" анакротия манеженье \"','','2022-03-20','7741964257','2022-03-20 17:00:00','2022-03-20 17:00:00',0,1),(34,'ООО \" адипометр оксивалин \"','','2024-06-20','7733133237','2023-06-20 16:00:00','2023-06-20 16:00:00',0,1),(35,'ПАО \" анкарамит отстройка \"','','2015-06-20','7765186889','2015-06-20 17:00:00','2015-06-20 17:00:00',0,1),(36,'ПАО \" альфатрон неяркость \"','','2015-06-20','7747979627','2015-06-20 17:00:00','2015-06-20 17:00:00',0,1),(37,'АО \" азиатчина кимберлит \"','','2002-09-20','7733459787','2001-09-20 16:00:00','2001-09-20 16:00:00',0,1),(38,'АО \" азоогения учебничек \"','','2001-06-20','7734822463','2001-06-20 18:00:00','2001-06-20 18:00:00',0,1),(39,'ПАО \" анкарамит манеженье \"','','2008-11-20','7751781764','2008-11-20 18:00:00','2008-11-20 18:00:00',0,1),(40,'АО \" адипометр пузырница \"','','2025-06-20','7742066396','2025-06-20 18:00:00','2025-06-20 18:00:00',0,1),(41,'ООО \" альстонит толеданка \"','','2028-05-20','7712735630','2028-05-20 18:00:00','2028-05-20 18:00:00',0,1),(42,'ПАО \" анемотека полстраны \"','','2005-04-20','7742525922','2005-04-20 18:00:00','2005-04-20 18:00:00',0,1),(43,'ПАО \" анагормон пикетчица \"','','2022-12-20','7764287945','2021-12-20 16:00:00','2021-12-20 16:00:00',0,1),(44,'ПАО \" ангалидин псевдотип \"','','2001-11-20','7761081808','2001-11-20 17:00:00','2001-11-20 17:00:00',0,1),(45,'ПАО \" андалузка ченсяньит \"','','2026-10-20','7706665348','2026-10-20 17:00:00','2026-10-20 17:00:00',0,1),(46,'ПАО \" амилкетон оптилогий \"','','2003-04-20','7779835807','2003-04-20 17:00:00','2003-04-20 17:00:00',0,1),(47,'ООО \" Apple трезвость \"','','2012-07-20','7743141116','2012-07-20 17:00:00','2012-07-20 17:00:00',0,1),(48,'ПАО \" амилкетон полесянин \"','','2017-10-20','7736138446','2017-10-20 18:00:00','2017-10-20 18:00:00',0,1),(49,'ООО \" автосмесь мегалюмен \"','','2023-06-20','7701417168','2023-06-20 17:00:00','2023-06-20 17:00:00',0,1),(50,'АО \" адоптиане протяжчик \"','','2020-02-20','7784673457','2020-02-20 18:00:00','2020-02-20 18:00:00',0,1),(51,'ПАО \" амилкетон этилтимин \"','','2017-08-20','7791788858','2016-08-20 16:00:00','2016-08-20 16:00:00',0,1),(52,'ПАО \" альфатрон откатчица \"','','2019-09-20','7710035896','2019-09-20 18:00:00','2019-09-20 18:00:00',0,1),(53,'ПАО \" анакротия статмолог \"','','2003-08-20','7721647794','2003-08-20 17:00:00','2003-08-20 17:00:00',0,1),(54,'ООО \" автокухня пневмония \"','','2005-04-20','7744272422','2005-04-20 17:00:00','2005-04-20 17:00:00',0,1),(55,'АО \" адмиттанс оптилогий \"','','2011-12-20','7760135706','2011-12-20 15:00:00','2011-12-20 15:00:00',0,1),(56,'АО \" акагенеит хозрасчёт \"','','2019-07-20','7754428036','2019-07-20 13:00:00','2019-07-20 13:00:00',0,1),(57,'ООО \" аллилиден цистоидея \"','','2028-07-20','7779797069','2028-07-20 14:00:00','2028-07-20 14:00:00',0,1),(58,'ПАО \" анагормон нечистота \"','','2014-01-20','7737099074','2013-01-20 17:00:00','2013-01-20 17:00:00',0,1),(59,'ПАО \" амилкетон кофермент \"','','2015-03-20','7704471090','2014-03-20 16:00:00','2014-03-20 16:00:00',0,1),(60,'ООО \" алтеплаза отстающий \"','','2029-11-20','7789132726','2028-11-20 16:00:00','2028-11-20 16:00:00',0,1),(61,'ООО \" Nokia тексохром \"','','2006-04-20','7735957419','2005-04-20 16:00:00','2005-04-20 16:00:00',0,1),(62,'ПАО \" андалузка сапфистка \"','','2027-07-20','7771270026','2027-07-20 18:00:00','2027-07-20 18:00:00',0,1),(63,'ООО \" альстонит участочек \"','','2008-06-20','7730662117','2008-06-20 17:00:00','2008-06-20 17:00:00',0,1),(64,'ПАО \" анкарамит карбоксид \"','','2004-03-20','7768602408','2003-03-20 16:00:00','2003-03-20 16:00:00',0,1),(65,'АО \" адипометр скарброит \"','','2029-10-20','7701445568','2029-10-20 18:00:00','2029-10-20 18:00:00',0,1),(66,'ПАО \" андалузка тексохром \"','','2006-02-20','7739280112','2006-02-20 18:00:00','2006-02-20 18:00:00',0,1),(67,'ООО \" Apple пектиноза \"','','2010-03-20','7710036482','2010-03-20 17:00:00','2010-03-20 17:00:00',0,1),(68,'ПАО \" амилкетон помочанин \"','','2030-12-20','7708236579','2029-12-20 16:00:00','2029-12-20 16:00:00',0,1),(69,'НАО \" Samsung кряхтенье \"','','2030-05-20','7717030175','2030-05-20 18:00:00','2030-05-20 18:00:00',0,1),(70,'ООО \" автокухня лейпцигец \"','','2020-04-20','7716861405','2020-04-20 18:00:00','2020-04-20 18:00:00',0,1),(71,'ООО \" автовинил франкотип \"','','2028-04-20','7740671263','2028-04-20 17:00:00','2028-04-20 17:00:00',0,1),(72,'АО \" азиатчина питерянка \"','','2001-12-20','7758070211','2030-11-20 12:00:00','2030-11-20 12:00:00',0,1),(73,'АО \" азиатчина тросточка \"','','2018-01-20','7766731796','2017-01-20 17:00:00','2017-01-20 17:00:00',0,1),(74,'ООО \" автовинил неустойка \"','','2003-08-20','7779385802','2003-08-20 18:00:00','2003-08-20 18:00:00',0,1),(75,'ООО \" алтеплаза профлидер \"','','2016-02-20','7757792751','2016-02-20 18:00:00','2016-02-20 18:00:00',0,1),(76,'АО \" адипометр хлорфенол \"','','2015-05-20','7731362054','2015-05-20 18:00:00','2015-05-20 18:00:00',0,1),(77,'ООО \" Apple рутинозид \"','','2022-12-20','7711544143','2021-12-20 16:00:00','2021-12-20 16:00:00',0,1),(78,'ООО \" автовинил страховит \"','','2029-03-20','7791872086','2029-03-20 17:00:00','2029-03-20 17:00:00',0,1),(79,'ООО \" аллилиден цистоцели \"','','2020-03-20','7702194165','2020-03-20 18:00:00','2020-03-20 18:00:00',0,1),(80,'ПАО \" амилкетон разломщик \"','','2030-05-20','7779810592','2030-05-20 13:00:00','2030-05-20 13:00:00',0,1),(81,'ООО \" Nokia подсыпщик \"','','2011-03-20','7760831288','2010-03-20 16:00:00','2010-03-20 16:00:00',0,1),(82,'НАО \" Samsung цибатость \"','','2019-05-20','7712150289','2018-05-20 16:00:00','2018-05-20 16:00:00',0,1),(83,'ПАО \" амилкетон цистоцели \"','','2009-11-20','7742672715','2009-11-20 11:00:00','2009-11-20 11:00:00',0,1),(84,'НАО \" Samsung перешивка \"','','2021-06-20','7762204720','2021-06-20 13:00:00','2021-06-20 13:00:00',0,1),(85,'ООО \" альстонит повивание \"','','2027-02-20','7768447637','2027-02-20 12:00:00','2027-02-20 12:00:00',0,1),(86,'ПАО \" анакротия мокроусец \"','','2022-09-20','7732327797','2021-09-20 12:00:00','2021-09-20 12:00:00',0,1),(87,'ООО \" Apple манеженье \"','','2019-10-20','7713033633','2019-10-20 15:00:00','2019-10-20 15:00:00',0,1),(88,'ООО \" LG петаампер \"','','2030-05-20','7730120663','2029-05-20 12:00:00','2029-05-20 12:00:00',0,1),(89,'ООО \" автовинил рейнграфы \"','','2022-06-20','7770117066','2021-06-20 12:00:00','2021-06-20 12:00:00',0,1),(90,'ООО \" автосмесь харвестер \"','','2030-05-20','7729560242','2030-05-20 13:00:00','2030-05-20 13:00:00',0,1),(91,'ПАО \" анемотека колластин \"','','2030-05-20','7785290807','2030-05-20 13:00:00','2030-05-20 13:00:00',0,1),(92,'ООО \" Nokia ковёрщица \"','','2030-05-20','7720921555','2030-05-20 13:00:00','2030-05-20 13:00:00',0,1),(93,'ПАО \" анагормон тимандрей \"','','2030-05-20','7760302669','2030-05-20 13:00:00','2030-05-20 13:00:00',0,1),(94,'ПАО \" анагормон холмсиана \"','','2025-10-20','7728997904','2025-10-20 13:00:00','2025-10-20 13:00:00',0,1),(95,'ООО \" авиатариф оплетчица \"','','2028-08-20','7782421627','2028-08-20 18:00:00','2028-08-20 18:00:00',0,1),(96,'ПАО \" анемотека кентаусец \"','','2016-11-20','7721599100','2016-11-20 18:00:00','2016-11-20 18:00:00',0,1),(97,'АО \" адоптиане массажист \"','','2022-08-20','7767059942','2022-08-20 17:00:00','2022-08-20 17:00:00',0,1),(98,'ООО \" аллилиден полольщик \"','','2019-01-20','7768574773','2018-01-20 13:00:00','2018-01-20 13:00:00',0,1),(99,'ООО \" алтеплаза манеженье \"','','2003-02-20','7707095464','2002-02-20 17:00:00','2002-02-20 17:00:00',0,1),(100,'АО \" алкандиол наслоение \"','','2030-05-20','7705619745','2030-05-20 13:00:00','2030-05-20 13:00:00',0,1),(101,'АО \" алкандиол кимберлит \"','','2025-05-20','7732743950','2025-05-20 18:00:00','2025-05-20 18:00:00',0,1),(102,'АО \" акагенеит фонтанчик \"','','2001-08-20','7769907657','2001-08-20 18:00:00','2001-08-20 18:00:00',0,1),(103,'ООО \" аллилиден ротакопия \"','','2027-06-20','7770852818','2027-06-20 18:00:00','2027-06-20 18:00:00',0,1),(104,'ПАО \" анкарамит пуходерка \"','','2013-04-20','7737200841','2013-04-20 18:00:00','2013-04-20 18:00:00',0,1),(105,'ООО \" аллилиден чепрачник \"','','2010-09-20','7789814214','2010-09-20 18:00:00','2010-09-20 18:00:00',0,1),(106,'ООО \" алтеплаза угличанин \"','','2023-04-20','7709901287','2023-04-20 18:00:00','2023-04-20 18:00:00',0,1),(107,'ООО \" алтеплаза тридцатка \"','','2027-04-20','7786643935','2027-04-20 18:00:00','2027-04-20 18:00:00',0,1),(108,'ООО \" автосмесь массореты \"','','2023-04-20','7717213371','2023-04-20 18:00:00','2023-04-20 18:00:00',0,1),(109,'ПАО \" ангалидин пуходерка \"','','2019-06-20','7740685719','2019-06-20 18:00:00','2019-06-20 18:00:00',0,1),(110,'ООО \" авиатариф протяжчик \"','','2023-05-20','7731975981','2023-05-20 18:00:00','2023-05-20 18:00:00',0,1),(111,'АО \" адипометр посмеяние \"','','2024-08-20','7783599717','2024-08-20 18:00:00','2024-08-20 18:00:00',0,1),(112,'ООО \" автовинил рингвудит \"','','2004-12-20','7736506683','2004-12-20 17:00:00','2004-12-20 17:00:00',0,1),(113,'ПАО \" анакротия попущение \"','','2012-10-20','7773787046','2012-10-20 18:00:00','2012-10-20 18:00:00',0,1),(114,'ПАО \" анкарамит клептоман \"','','2025-12-20','7709639033','2025-12-20 17:00:00','2025-12-20 17:00:00',0,1),(115,'НАО \" Philips статистка \"','','2022-05-20','7712961368','2022-05-20 18:00:00','2022-05-20 18:00:00',0,1),(116,'ПАО \" анкистрон микроклон \"','','2031-05-20','7763516419','2031-05-20 18:00:00','2031-05-20 18:00:00',0,1),(117,'ООО \" авиатариф проклятая \"','','2031-05-20','7773894853','2031-05-20 18:00:00','2031-05-20 18:00:00',0,1),(118,'ООО \" аллилиден мегатесла \"','','2020-04-20','7791934604','2020-04-20 18:00:00','2020-04-20 18:00:00',0,1),(119,'ПАО \" анагормон учебничек \"','','2020-09-20','7709867201','2019-09-20 16:00:00','2019-09-20 16:00:00',0,1),(120,'ООО \" алтеплаза колоказия \"','','2006-04-20','7771834965','2006-04-20 18:00:00','2006-04-20 18:00:00',0,1),(121,'ООО \" альстонит экзоспора \"','','2006-12-20','7746708384','2006-12-20 17:00:00','2006-12-20 17:00:00',0,1),(122,'ПАО \" анемотека паразитка \"','','2010-11-20','7708732053','2010-11-20 17:00:00','2010-11-20 17:00:00',0,1),(123,'ООО \" алкандиол смегмолит \"','','2009-06-20','7776407048','2009-06-20 18:00:00','2009-06-20 18:00:00',0,1),(124,'ПАО \" анагормон соболевит \"','','2030-08-20','7755430351','2030-08-20 18:00:00','2030-08-20 18:00:00',0,1),(125,'ООО \" автосмесь обварщица \"','','2007-09-20','7772421062','2007-09-20 18:00:00','2007-09-20 18:00:00',0,1),(126,'ООО \" автовинил страховит \"','','2003-08-20','7777461329','2003-08-20 17:00:00','2003-08-20 17:00:00',0,1),(127,'АО \" азоогения подсыпщик \"','','2007-11-20','7753053229','2007-11-20 18:00:00','2007-11-20 18:00:00',0,1),(128,'АО \" азиатчина сгнивание \"','','2027-03-20','7795091244','2027-03-20 18:00:00','2027-03-20 18:00:00',0,1),(129,'ПАО \" амилкетон маршаллит \"','','2027-03-20','7772853156','2026-03-20 12:00:00','2026-03-20 12:00:00',0,1),(130,'ПАО \" анагормон сестрёнка \"','','2006-12-20','7761349818','2005-12-20 12:00:00','2005-12-20 12:00:00',0,1),(131,'ПАО \" андалузка пиоцианин \"','','2018-09-20','7755734202','2018-09-20 18:00:00','2018-09-20 18:00:00',0,1),(132,'ООО \" алтеплаза пуходерка \"','','2027-04-20','7702550389','2027-04-20 18:00:00','2027-04-20 18:00:00',0,1),(133,'ООО \" алтеплаза ковёрщица \"','','2022-08-20','7772622263','2022-08-20 17:00:00','2022-08-20 17:00:00',0,1),(134,'ООО \" LG ковёрщица \"','','2002-09-20','7706475404','2002-09-20 13:00:00','2002-09-20 13:00:00',0,1),(135,'ООО \" альфатрон квиетисты \"','','2017-12-20','7746563605','2017-12-20 13:00:00','2017-12-20 13:00:00',0,1),(136,'ООО \" альстонит тимандрей \"','','2022-09-20','7721636133','2022-09-20 15:00:00','2022-09-20 15:00:00',0,1),(137,'ПАО \" амилкетон синэстрол \"','','2026-03-20','7705725383','2026-03-20 18:00:00','2026-03-20 18:00:00',0,1),(138,'ПАО \" анемотека повивание \"','','2022-08-20','7704018797','2022-08-20 17:00:00','2022-08-20 17:00:00',0,1),(139,'ПАО \" анкарамит повивание \"','','2009-06-20','7769319977','2009-06-20 18:00:00','2009-06-20 18:00:00',0,1);
/*!40000 ALTER TABLE `clients` ENABLE KEYS */;
UNLOCK TABLES;

--
-- Table structure for table `contracts`
--

DROP TABLE IF EXISTS `contracts`;
/*!40101 SET @saved_cs_client     = @@character_set_client */;
/*!50503 SET character_set_client = utf8mb4 */;
CREATE TABLE `contracts` (
  `id` bigint unsigned NOT NULL AUTO_INCREMENT,
  `name` varchar(255) DEFAULT NULL COMMENT 'Наименование договора',
  `date` date DEFAULT NULL COMMENT 'Дата договора',
  `date_end` date DEFAULT NULL COMMENT 'Срок действия договора',
  `client_id` bigint unsigned DEFAULT NULL COMMENT 'Клиент',
  `worker_id` smallint unsigned DEFAULT NULL COMMENT 'Подписант со стороны банка',
  `created_at` datetime DEFAULT NULL,
  PRIMARY KEY (`id`),
  UNIQUE KEY `id` (`id`),
  KEY `contracts_clients_client_id_fk` (`client_id`),
  KEY `contracts_workers_worker_id_fk` (`worker_id`),
  CONSTRAINT `contracts_clients_client_id_fk` FOREIGN KEY (`client_id`) REFERENCES `clients` (`id`),
  CONSTRAINT `contracts_workers_worker_id_fk` FOREIGN KEY (`worker_id`) REFERENCES `workers` (`id`)
) ENGINE=InnoDB AUTO_INCREMENT=213776 DEFAULT CHARSET=utf8mb4 COLLATE=utf8mb4_0900_ai_ci;
/*!40101 SET character_set_client = @saved_cs_client */;

--
-- Dumping data for table `contracts`
--

LOCK TABLES `contracts` WRITE;
/*!40000 ALTER TABLE `contracts` DISABLE KEYS */;
INSERT INTO `contracts` VALUES (33732,'Кредитный договор','2006-12-20','2005-12-20',121,1,'2006-12-20 17:00:00'),(43044,'Кредитный договор','2022-11-20','2020-11-20',17,1,'2022-11-20 18:00:00'),(46958,'Кредитный договор','2007-06-20','2006-06-20',12,1,'2007-06-20 18:00:00'),(55461,'Кредитный договор','2009-06-20','2008-06-20',123,1,'2009-06-20 18:00:00'),(58320,'Кредитный договор','2022-03-20','2020-03-20',15,1,'2022-03-20 18:00:00'),(59442,'Кредитный договор','2002-10-20','2025-09-20',3,1,'2002-10-20 17:00:00'),(67920,'Кредитный договор','2025-10-20','2024-10-20',9,1,'2025-10-20 18:00:00'),(70801,'Кредитный договор','2010-11-20','2009-11-20',122,1,'2010-11-20 17:00:00'),(71003,'Кредитный договор','2029-06-20','2010-06-20',15,1,'2029-06-20 17:00:00'),(83319,'Кредитный договор','2030-08-20','2029-08-20',124,1,'2030-08-20 18:00:00'),(96204,'Кредитный договор','2003-08-20','2002-08-20',126,1,'2003-08-20 17:00:00'),(102881,'Кредитный договор','2008-10-20','2030-09-20',7,1,'2008-10-20 18:00:00'),(111970,'Кредитный договор','2008-07-20','2003-07-20',58,1,'2008-07-20 11:00:00'),(126841,'Кредитный договор','2031-05-20','2025-05-20',13,1,'2031-05-20 16:00:00'),(126851,'Кредитный договор','2008-11-20','2006-11-20',13,1,'2008-11-20 18:00:00'),(126856,'Кредитный договор','2021-11-20','2020-11-20',13,1,'2021-11-20 16:00:00'),(126864,'Кредитный договор','2029-11-20','2027-11-20',13,1,'2029-11-20 16:00:00'),(130893,'Кредитный договор','2028-07-20','2012-07-20',8,1,'2028-07-20 16:00:00'),(134351,'Кредитный договор','2013-01-20','2010-01-20',58,1,'2013-01-20 17:00:00'),(147981,'Кредитный договор','2014-12-20','2025-10-20',2,1,'2014-12-20 11:00:00'),(148822,'Кредитный договор','2007-09-20','2006-09-20',125,1,'2007-09-20 18:00:00'),(150289,'Кредитный договор','2029-06-20','2026-06-20',14,1,'2029-06-20 17:00:00'),(154408,'Кредитный договор','2015-10-20','2024-07-20',58,1,'2015-10-20 13:00:00'),(157533,'Кредитный договор','2025-05-20','2008-05-20',9,1,'2025-05-20 17:00:00'),(157544,'Кредитный договор','2005-12-20','2025-11-20',58,1,'2005-12-20 16:00:00'),(161795,'Кредитный договор','2031-07-20','2020-07-20',58,1,'2031-07-20 14:00:00'),(162861,'Кредитный договор','2017-12-20','2006-12-20',58,1,'2017-12-20 13:00:00'),(162863,'Кредитный договор','2022-06-20','2013-08-20',58,1,'2022-06-20 12:00:00'),(173286,'Кредитный договор','2014-03-20','2013-03-20',125,1,'2014-03-20 18:00:00'),(173581,'Кредитный договор','2029-03-20','2026-03-20',58,1,'2029-03-20 12:00:00'),(173694,'Кредитный договор','2019-03-20','2025-03-20',58,1,'2019-03-20 12:00:00'),(184241,'Кредитный договор','2024-05-20','2016-05-20',59,1,'2024-05-20 12:00:00'),(185421,'Кредитный договор','2030-01-20','2010-01-20',59,1,'2030-01-20 14:00:00'),(186120,'Кредитный договор','2020-12-20','2018-12-20',5,1,'2020-12-20 17:00:00'),(186860,'Кредитный договор','2026-12-20','2024-12-20',19,1,'2026-12-20 17:00:00'),(188300,'Кредитный договор','2001-07-20','2026-06-20',59,1,'2001-07-20 14:00:00'),(188876,'Кредитный договор','2001-03-20','2025-02-20',11,1,'2001-03-20 18:00:00'),(189649,'Кредитный договор','2015-02-20','2014-01-20',59,1,'2015-02-20 18:00:00'),(189885,'Кредитный договор','2021-02-20','2020-02-20',23,1,'2021-02-20 18:00:00'),(190148,'Кредитный договор','2008-11-20','2007-11-20',39,1,'2008-11-20 18:00:00'),(190197,'Кредитный договор','2011-12-20','2010-12-20',16,1,'2011-12-20 17:00:00'),(190384,'Кредитный договор','2001-08-20','2017-07-20',59,1,'2001-08-20 16:00:00'),(190407,'Кредитный договор','2004-04-20','2003-04-20',18,1,'2004-04-20 17:00:00'),(190916,'Кредитный договор','2004-09-20','2021-08-20',6,1,'2004-09-20 17:00:00'),(191026,'Кредитный договор','2017-01-20','2016-01-20',73,1,'2017-01-20 17:00:00'),(193003,'Кредитный договор','2001-06-20','2031-05-20',38,1,'2001-06-20 18:00:00'),(193415,'Кредитный договор','2023-08-20','2014-08-20',10,1,'2023-08-20 17:00:00'),(193467,'Кредитный договор','2002-09-20','2025-08-20',134,1,'2002-09-20 13:00:00'),(193725,'Кредитный договор','2003-08-20','2001-02-20',59,1,'2003-08-20 18:00:00'),(193936,'Кредитный договор','2026-06-20','2005-06-20',59,1,'2026-06-20 15:00:00'),(194461,'Кредитный договор','2029-10-20','2025-10-20',65,1,'2029-10-20 18:00:00'),(194741,'Кредитный договор','2002-02-20','2031-01-20',99,1,'2002-02-20 17:00:00'),(196014,'Кредитный договор','2013-02-20','2005-02-20',57,1,'2013-02-20 14:00:00'),(196140,'Кредитный договор','2004-02-20','2031-01-20',59,1,'2004-02-20 16:00:00'),(196179,'Кредитный договор','2011-07-20','2005-07-20',4,1,'2011-07-20 16:00:00'),(196180,'Кредитный договор','2025-04-20','2024-04-20',57,1,'2025-04-20 18:00:00'),(196790,'Кредитный договор','2023-03-20','2022-03-20',109,1,'2023-03-20 18:00:00'),(196917,'Кредитный договор','2030-10-20','2021-10-20',67,1,'2030-10-20 17:00:00'),(197111,'Кредитный договор','2014-03-20','2011-03-20',59,1,'2014-03-20 16:00:00'),(197181,'Кредитный договор','2027-03-20','2022-03-20',128,1,'2027-03-20 18:00:00'),(197592,'Кредитный договор','2027-10-20','2016-10-20',4,1,'2027-10-20 17:00:00'),(198181,'Кредитный договор','2028-04-20','2010-04-20',71,1,'2028-04-20 17:00:00'),(199070,'Кредитный договор','2019-07-20','2002-07-20',56,1,'2019-07-20 13:00:00'),(199116,'Кредитный договор','2024-11-20','2018-11-20',81,1,'2024-11-20 17:00:00'),(199643,'Кредитный договор','2012-07-20','2011-07-20',47,1,'2012-07-20 17:00:00'),(199967,'Кредитный договор','2021-09-20','2009-07-20',1,1,'2021-09-20 15:00:00'),(200146,'Кредитный договор','2026-03-20','2025-03-20',137,1,'2026-03-20 18:00:00'),(200498,'Кредитный договор','2005-12-20','2002-12-20',130,1,'2005-12-20 12:00:00'),(200592,'Кредитный договор','2029-12-20','2025-12-20',68,1,'2029-12-20 16:00:00'),(200624,'Кредитный договор','2010-03-20','2009-03-20',67,1,'2010-03-20 17:00:00'),(200907,'Кредитный договор','2021-12-20','2013-12-20',77,1,'2021-12-20 16:00:00'),(200949,'Кредитный договор','2027-04-20','2025-04-20',132,1,'2027-04-20 18:00:00'),(201555,'Кредитный договор','2008-10-20','2024-07-20',51,1,'2008-10-20 13:00:00'),(201566,'Кредитный договор','2017-05-20','2016-05-20',81,1,'2017-05-20 18:00:00'),(201932,'Кредитный договор','2021-08-20','2017-08-20',4,1,'2021-08-20 17:00:00'),(201948,'Кредитный договор','2026-10-20','2025-10-20',45,1,'2026-10-20 17:00:00'),(202011,'Кредитный договор','2001-11-20','2031-10-20',44,1,'2001-11-20 17:00:00'),(202161,'Кредитный договор','2019-09-20','2004-09-20',52,1,'2019-09-20 18:00:00'),(202237,'Кредитный договор','2017-12-20','2016-12-20',135,1,'2017-12-20 13:00:00'),(203024,'Кредитный договор','2003-03-20','2025-02-20',64,1,'2003-03-20 16:00:00'),(203632,'Кредитный договор','2007-11-20','2001-11-20',127,1,'2007-11-20 18:00:00'),(203677,'Кредитный договор','2030-05-20','2024-07-20',92,1,'2030-05-20 13:00:00'),(203715,'Кредитный договор','2023-04-20','2020-04-20',22,1,'2023-04-20 15:00:00'),(203923,'Кредитный договор','2021-12-20','2020-12-20',43,1,'2021-12-20 16:00:00'),(203974,'Кредитный договор','2016-03-20','2007-03-20',127,1,'2016-03-20 16:00:00'),(203976,'Кредитный договор','2005-04-20','2004-04-20',54,1,'2005-04-20 17:00:00'),(204284,'Кредитный договор','2015-06-20','2014-06-20',35,1,'2015-06-20 17:00:00'),(204443,'Кредитный договор','2031-05-20','2029-05-20',117,1,'2031-05-20 18:00:00'),(204488,'Кредитный договор','2026-06-20','2025-06-20',26,1,'2026-06-20 18:00:00'),(204562,'Кредитный договор','2010-09-20','2008-09-20',105,1,'2010-09-20 18:00:00'),(204672,'Кредитный договор','2028-11-20','2020-11-20',60,1,'2028-11-20 16:00:00'),(204900,'Кредитный договор','2031-05-20','2030-05-20',116,1,'2031-05-20 18:00:00'),(204920,'Кредитный договор','2015-05-20','2025-12-20',76,1,'2015-05-20 18:00:00'),(204978,'Кредитный договор','2030-05-20','2024-07-20',90,1,'2030-05-20 13:00:00'),(205015,'Кредитный договор','2023-05-20','2021-05-20',110,1,'2023-05-20 18:00:00'),(205083,'Кредитный договор','2028-05-20','2027-05-20',41,1,'2028-05-20 18:00:00'),(205085,'Кредитный договор','2022-03-20','2021-03-20',32,1,'2022-03-20 17:00:00'),(205097,'Кредитный договор','2003-08-20','2031-07-20',56,1,'2003-08-20 16:00:00'),(205647,'Кредитный договор','2006-02-20','2022-05-20',66,1,'2006-02-20 18:00:00'),(205769,'Кредитный договор','2017-10-20','2016-10-20',48,1,'2017-10-20 18:00:00'),(206117,'Кредитный договор','2025-10-20','2024-07-20',94,1,'2025-10-20 13:00:00'),(206246,'Кредитный договор','2023-06-20','2022-06-20',49,1,'2023-06-20 17:00:00'),(206274,'Кредитный договор','2006-11-20','2005-11-20',109,1,'2006-11-20 18:00:00'),(206380,'Кредитный договор','2003-05-20','2025-04-20',74,1,'2003-05-20 17:00:00'),(206421,'Кредитный договор','2021-06-20','2027-02-20',89,1,'2021-06-20 12:00:00'),(206603,'Кредитный договор','2003-08-20','2029-07-20',74,1,'2003-08-20 18:00:00'),(206921,'Кредитный договор','2019-03-20','2015-03-20',80,1,'2019-03-20 18:00:00'),(207058,'Кредитный договор','2013-12-20','2029-11-20',44,1,'2013-12-20 17:00:00'),(207101,'Кредитный договор','2023-04-20','2022-04-20',106,1,'2023-04-20 18:00:00'),(207113,'Кредитный договор','2029-05-20','2020-05-20',88,1,'2029-05-20 12:00:00'),(207189,'Кредитный договор','2011-03-20','2006-03-20',60,1,'2011-03-20 13:00:00'),(207220,'Кредитный договор','2022-11-20','2020-11-20',23,1,'2022-11-20 18:00:00'),(207231,'Кредитный договор','2025-06-20','2026-06-20',40,1,'2025-06-20 18:00:00'),(207502,'Кредитный договор','2021-06-20','2018-06-20',84,1,'2021-06-20 13:00:00'),(207607,'Кредитный договор','2009-11-20','2027-10-20',83,1,'2009-11-20 11:00:00'),(207638,'Кредитный договор','2030-08-20','2030-05-20',42,1,'2030-08-20 17:00:00'),(207641,'Кредитный договор','2005-04-20','2001-04-20',42,1,'2005-04-20 18:00:00'),(207907,'Кредитный договор','2028-08-20','2025-08-20',95,1,'2028-08-20 18:00:00'),(208135,'Кредитный договор','2019-10-20','2018-10-20',87,1,'2019-10-20 15:00:00'),(208156,'Кредитный договор','2004-05-20','2023-04-20',41,1,'2004-05-20 18:00:00'),(208204,'Кредитный договор','2007-06-20','2006-06-20',25,1,'2007-06-20 17:00:00'),(208208,'Кредитный договор','2015-11-20','2025-10-20',21,1,'2015-11-20 18:00:00'),(208211,'Кредитный договор','2023-08-20','2023-08-20',31,1,'2023-08-20 18:00:00'),(208247,'Кредитный договор','2029-05-20','2027-05-20',29,1,'2029-05-20 18:00:00'),(208276,'Кредитный договор','2022-08-20','2021-08-20',97,1,'2022-08-20 17:00:00'),(208336,'Кредитный договор','2016-08-20','2015-08-20',51,1,'2016-08-20 16:00:00'),(208404,'Кредитный договор','2021-09-20','2025-05-20',86,1,'2021-09-20 12:00:00'),(208429,'Кредитный договор','2003-08-20','2024-07-20',53,1,'2003-08-20 17:00:00'),(208453,'Кредитный договор','2025-03-20','2024-03-20',28,1,'2025-03-20 16:00:00'),(208744,'Кредитный договор','2019-06-20','2018-06-20',109,1,'2019-06-20 18:00:00'),(208885,'Кредитный договор','2025-05-20','2024-05-20',101,1,'2025-05-20 18:00:00'),(209020,'Кредитный договор','2030-12-20','2029-12-20',98,1,'2030-12-20 15:00:00'),(209058,'Кредитный договор','2015-06-20','2025-05-20',36,1,'2015-06-20 17:00:00'),(209149,'Кредитный договор','2007-11-20','2025-10-20',20,1,'2007-11-20 18:00:00'),(209185,'Кредитный договор','2023-04-20','2022-04-20',68,1,'2023-04-20 18:00:00'),(209202,'Кредитный договор','2022-08-20','2020-08-20',133,1,'2022-08-20 17:00:00'),(209208,'Кредитный договор','2005-04-20','2002-04-20',61,1,'2005-04-20 16:00:00'),(209285,'Кредитный договор','2020-04-20','2019-04-20',118,1,'2020-04-20 18:00:00'),(209287,'Кредитный договор','2022-05-20','2021-05-20',115,1,'2022-05-20 18:00:00'),(209340,'Кредитный договор','2022-09-20','2020-10-20',136,1,'2022-09-20 15:00:00'),(209460,'Кредитный договор','2016-11-20','2015-11-20',96,1,'2016-11-20 18:00:00'),(209540,'Кредитный договор','2030-05-20','2024-07-20',93,1,'2030-05-20 13:00:00'),(209717,'Кредитный договор','2020-04-20','2016-04-20',70,1,'2020-04-20 18:00:00'),(209940,'Кредитный договор','2027-07-20','2025-07-20',62,1,'2027-07-20 18:00:00'),(209956,'Кредитный договор','2023-06-20','2019-06-20',34,1,'2023-06-20 16:00:00'),(210208,'Кредитный договор','2027-06-20','2025-06-20',103,1,'2027-06-20 18:00:00'),(210304,'Кредитный договор','2008-06-20','2001-06-20',63,1,'2008-06-20 17:00:00'),(210447,'Кредитный договор','2027-04-20','2026-04-20',107,1,'2027-04-20 18:00:00'),(210685,'Кредитный договор','2030-05-20','2024-07-20',91,1,'2030-05-20 13:00:00'),(210725,'Кредитный договор','2001-09-20','2023-08-20',37,1,'2001-09-20 16:00:00'),(210736,'Кредитный договор','2011-12-20','2006-12-20',55,1,'2011-12-20 15:00:00'),(210865,'Кредитный договор','2018-05-20','2025-03-20',82,1,'2018-05-20 16:00:00'),(210904,'Кредитный договор','2001-08-20','2031-07-20',102,1,'2001-08-20 18:00:00'),(210953,'Кредитный договор','2029-03-20','2025-03-20',78,1,'2029-03-20 17:00:00'),(210956,'Кредитный договор','2001-11-20','2031-10-20',49,1,'2001-11-20 17:00:00'),(211124,'Кредитный договор','2013-04-20','2010-04-20',104,1,'2013-04-20 18:00:00'),(211182,'Кредитный договор','2024-08-20','2023-08-20',111,1,'2024-08-20 18:00:00'),(211425,'Кредитный договор','2018-09-20','2017-09-20',131,1,'2018-09-20 18:00:00'),(211559,'Кредитный договор','2013-12-20','2029-11-20',24,1,'2013-12-20 17:00:00'),(211634,'Кредитный договор','2020-02-20','2019-02-20',50,1,'2020-02-20 18:00:00'),(211674,'Кредитный договор','2003-04-20','2002-04-20',46,1,'2003-04-20 17:00:00'),(211819,'Кредитный договор','2023-04-20','2021-04-20',108,1,'2023-04-20 18:00:00'),(211899,'Кредитный договор','2030-05-20','2024-07-20',80,1,'2030-05-20 13:00:00'),(211944,'Кредитный договор','2018-03-20','2015-03-20',27,1,'2018-03-20 16:00:00'),(212109,'Кредитный договор','2021-08-20','2014-08-20',30,1,'2021-08-20 18:00:00'),(212125,'Кредитный договор','2030-05-20','2020-05-20',69,1,'2030-05-20 18:00:00'),(212172,'Кредитный договор','2010-03-20','2025-02-20',81,1,'2010-03-20 16:00:00'),(212688,'Кредитный договор','2028-07-20','2024-07-20',57,1,'2028-07-20 14:00:00'),(212828,'Кредитный договор','2004-12-20','2003-12-20',112,1,'2004-12-20 17:00:00'),(212829,'Кредитный договор','2012-10-20','2001-10-20',113,1,'2012-10-20 18:00:00'),(212906,'Кредитный договор','2016-02-20','2025-12-20',75,1,'2016-02-20 18:00:00'),(213008,'Кредитный договор','2027-02-20','2025-02-20',85,1,'2027-02-20 12:00:00'),(213142,'Кредитный договор','2022-03-20','2021-03-20',33,1,'2022-03-20 17:00:00'),(213283,'Кредитный договор','2030-11-20','2025-11-20',72,1,'2030-11-20 12:00:00'),(213322,'Кредитный договор','2020-03-20','2019-03-20',79,1,'2020-03-20 18:00:00'),(213498,'Кредитный договор','2018-01-20','2017-01-20',98,1,'2018-01-20 13:00:00'),(213511,'Кредитный договор','2006-04-20','2005-04-20',120,1,'2006-04-20 18:00:00'),(213526,'Кредитный договор','2019-09-20','2019-09-20',119,1,'2019-09-20 16:00:00'),(213548,'Кредитный договор','2026-11-20','2020-11-20',56,1,'2026-11-20 13:00:00'),(213577,'Кредитный договор','2026-03-20','2020-03-20',129,1,'2026-03-20 12:00:00'),(213755,'Кредитный договор','2013-02-20','2005-02-20',56,1,'2013-02-20 14:00:00'),(213775,'Кредитный договор','2025-12-20','2024-12-20',114,1,'2025-12-20 17:00:00');
/*!40000 ALTER TABLE `contracts` ENABLE KEYS */;
UNLOCK TABLES;

--
-- Table structure for table `departments`
--

DROP TABLE IF EXISTS `departments`;
/*!40101 SET @saved_cs_client     = @@character_set_client */;
/*!50503 SET character_set_client = utf8mb4 */;
CREATE TABLE `departments` (
  `id` tinyint unsigned NOT NULL,
  `department_name` varchar(255) DEFAULT NULL COMMENT 'Наименование',
  PRIMARY KEY (`id`)
) ENGINE=InnoDB DEFAULT CHARSET=utf8mb4 COLLATE=utf8mb4_0900_ai_ci;
/*!40101 SET character_set_client = @saved_cs_client */;

--
-- Dumping data for table `departments`
--

LOCK TABLES `departments` WRITE;
/*!40000 ALTER TABLE `departments` DISABLE KEYS */;
INSERT INTO `departments` VALUES (1,'Кредитный отдел'),(2,'Бухгалтерия'),(3,'Руководство'),(4,'Головной офис'),(5,'Филиал');
/*!40000 ALTER TABLE `departments` ENABLE KEYS */;
UNLOCK TABLES;

--
-- Temporary view structure for view `light_loans_view`
--

DROP TABLE IF EXISTS `light_loans_view`;
/*!50001 DROP VIEW IF EXISTS `light_loans_view`*/;
SET @saved_cs_client     = @@character_set_client;
/*!50503 SET character_set_client = utf8mb4 */;
/*!50001 CREATE VIEW `light_loans_view` AS SELECT 
 1 AS `Заемщик`,
 1 AS `ИНН заемщика`,
 1 AS `Дата выдачи кредита`,
 1 AS `Дата окончания кредита`,
 1 AS `Категория качества`,
 1 AS `Общий долг`,
 1 AS `Общий резерв`,
 1 AS `Обеспечение`*/;
SET character_set_client = @saved_cs_client;

--
-- Table structure for table `loans`
--

DROP TABLE IF EXISTS `loans`;
/*!40101 SET @saved_cs_client     = @@character_set_client */;
/*!50503 SET character_set_client = utf8mb4 */;
CREATE TABLE `loans` (
  `id` bigint unsigned NOT NULL AUTO_INCREMENT,
  `contract_id` bigint unsigned DEFAULT NULL COMMENT 'Договор',
  `current_debt_id` bigint unsigned DEFAULT NULL COMMENT 'Текущий долг',
  `current_debt_reserve_id` bigint unsigned DEFAULT NULL COMMENT 'Резерв по текущему долгу',
  `overdue_debt_id` bigint unsigned DEFAULT NULL COMMENT 'Просроченный долг',
  `overdue_debt_reserve_id` bigint unsigned DEFAULT NULL COMMENT 'Резерв по просроченному долгу',
  `current_percent_id` bigint unsigned DEFAULT NULL COMMENT 'Текущие проценты',
  `current_percent_reserve_id` bigint unsigned DEFAULT NULL COMMENT 'Резерв по текущим процентам',
  `overdue_percent_id` bigint unsigned DEFAULT NULL COMMENT 'Просроченные проценты',
  `overdue_percent_reserve_id` bigint unsigned DEFAULT NULL COMMENT 'Резерв по просроченным процентам',
  `coverage_id` bigint unsigned DEFAULT NULL COMMENT 'Обеспечение',
  `report_id` bigint unsigned DEFAULT NULL COMMENT 'Аналитика по кредиту',
  PRIMARY KEY (`id`),
  UNIQUE KEY `id` (`id`),
  KEY `loans_contracts_contract_id_fk` (`contract_id`),
  KEY `loans_accounts_current_debt_id_fk` (`current_debt_id`),
  KEY `loans_accounts_current_debt_reserve_id_fk` (`current_debt_reserve_id`),
  KEY `loans_accounts_overdue_debt_id_fk` (`overdue_debt_id`),
  KEY `loans_accounts_overdue_debt_reserve_id_fk` (`overdue_debt_reserve_id`),
  KEY `loans_accounts_current_percent_id_fk` (`current_percent_id`),
  KEY `loans_accounts_current_percent_reserve_id_fk` (`current_percent_reserve_id`),
  KEY `loans_accounts_overdue_percent_id_fk` (`overdue_percent_id`),
  KEY `loans_accounts_overdue_percent_reserve_id_fk` (`overdue_percent_reserve_id`),
  KEY `loans_accounts_coverage_id_fk` (`coverage_id`),
  KEY `loans_reports_report_id_fk` (`report_id`),
  CONSTRAINT `loans_accounts_coverage_id_fk` FOREIGN KEY (`coverage_id`) REFERENCES `accounts` (`id`),
  CONSTRAINT `loans_accounts_current_debt_id_fk` FOREIGN KEY (`current_debt_id`) REFERENCES `accounts` (`id`),
  CONSTRAINT `loans_accounts_current_debt_reserve_id_fk` FOREIGN KEY (`current_debt_reserve_id`) REFERENCES `accounts` (`id`),
  CONSTRAINT `loans_accounts_current_percent_id_fk` FOREIGN KEY (`current_percent_id`) REFERENCES `accounts` (`id`),
  CONSTRAINT `loans_accounts_current_percent_reserve_id_fk` FOREIGN KEY (`current_percent_reserve_id`) REFERENCES `accounts` (`id`),
  CONSTRAINT `loans_accounts_overdue_debt_id_fk` FOREIGN KEY (`overdue_debt_id`) REFERENCES `accounts` (`id`),
  CONSTRAINT `loans_accounts_overdue_debt_reserve_id_fk` FOREIGN KEY (`overdue_debt_reserve_id`) REFERENCES `accounts` (`id`),
  CONSTRAINT `loans_accounts_overdue_percent_id_fk` FOREIGN KEY (`overdue_percent_id`) REFERENCES `accounts` (`id`),
  CONSTRAINT `loans_accounts_overdue_percent_reserve_id_fk` FOREIGN KEY (`overdue_percent_reserve_id`) REFERENCES `accounts` (`id`),
  CONSTRAINT `loans_contracts_contract_id_fk` FOREIGN KEY (`contract_id`) REFERENCES `contracts` (`id`),
  CONSTRAINT `loans_reports_report_id_fk` FOREIGN KEY (`report_id`) REFERENCES `reports` (`id`)
) ENGINE=InnoDB AUTO_INCREMENT=183 DEFAULT CHARSET=utf8mb4 COLLATE=utf8mb4_0900_ai_ci;
/*!40101 SET character_set_client = @saved_cs_client */;

--
-- Dumping data for table `loans`
--

LOCK TABLES `loans` WRITE;
/*!40000 ALTER TABLE `loans` DISABLE KEYS */;
INSERT INTO `loans` VALUES (1,199967,NULL,NULL,474,287,NULL,NULL,1,66,NULL,1),(2,147981,NULL,NULL,473,286,NULL,NULL,2,67,NULL,2),(3,59442,NULL,NULL,471,284,NULL,NULL,3,68,581,3),(4,196179,NULL,NULL,469,283,NULL,NULL,4,69,587,4),(5,197592,NULL,NULL,468,282,NULL,NULL,5,71,565,5),(6,201932,NULL,NULL,470,281,NULL,NULL,6,70,478,6),(7,186120,NULL,NULL,466,279,NULL,NULL,7,72,NULL,7),(8,190916,NULL,NULL,465,278,NULL,NULL,8,73,NULL,8),(9,102881,NULL,NULL,464,277,NULL,NULL,9,74,563,9),(10,130893,NULL,NULL,463,276,NULL,NULL,10,75,547,10),(11,157533,NULL,NULL,461,275,NULL,NULL,11,77,584,11),(12,67920,NULL,NULL,462,274,NULL,NULL,12,76,551,12),(13,193415,NULL,NULL,460,273,NULL,NULL,13,78,476,13),(14,188876,NULL,NULL,459,272,NULL,NULL,14,79,564,14),(15,46958,NULL,NULL,458,271,NULL,NULL,15,80,NULL,15),(16,126851,NULL,NULL,449,266,NULL,NULL,16,81,554,16),(17,150289,NULL,NULL,453,264,NULL,NULL,17,83,557,17),(18,126841,NULL,NULL,454,265,NULL,NULL,18,82,553,18),(19,126864,NULL,NULL,451,262,NULL,NULL,19,84,556,19),(20,126856,NULL,NULL,450,267,NULL,NULL,20,85,555,20),(21,71003,NULL,NULL,447,261,NULL,NULL,21,87,525,21),(22,58320,NULL,NULL,448,260,NULL,NULL,22,86,524,22),(23,190197,407,224,446,259,NULL,NULL,23,88,577,23),(24,43044,NULL,NULL,NULL,NULL,NULL,NULL,24,89,NULL,24),(25,190407,NULL,NULL,443,256,NULL,NULL,25,90,492,25),(26,186860,NULL,NULL,441,254,NULL,NULL,26,91,550,26),(27,209149,440,253,NULL,NULL,27,124,NULL,NULL,NULL,27),(28,208208,439,252,NULL,NULL,28,100,NULL,NULL,NULL,28),(29,203715,436,249,442,255,29,102,NULL,NULL,535,29),(30,207220,435,248,NULL,NULL,30,101,NULL,NULL,NULL,30),(31,211559,433,247,NULL,NULL,31,104,NULL,NULL,NULL,31),(32,208204,429,243,NULL,NULL,32,107,NULL,NULL,NULL,32),(33,204488,426,241,NULL,NULL,33,105,NULL,NULL,569,33),(34,211944,424,239,NULL,NULL,34,97,NULL,NULL,567,34),(35,208453,421,237,NULL,NULL,35,99,NULL,NULL,NULL,35),(36,208247,412,228,NULL,NULL,36,98,NULL,NULL,568,36),(37,212109,409,226,NULL,NULL,37,120,NULL,NULL,NULL,37),(38,208211,406,223,NULL,NULL,38,108,NULL,NULL,NULL,38),(39,205085,404,221,NULL,NULL,39,106,NULL,NULL,570,39),(40,213142,398,217,NULL,NULL,40,117,NULL,NULL,NULL,40),(41,209956,394,213,NULL,NULL,41,94,NULL,NULL,566,41),(42,204284,393,212,NULL,NULL,42,116,NULL,NULL,579,42),(43,209058,392,211,NULL,NULL,43,103,NULL,NULL,NULL,43),(44,210725,390,210,NULL,NULL,44,118,NULL,NULL,NULL,44),(45,193003,388,NULL,NULL,NULL,45,NULL,NULL,NULL,496,45),(46,190148,387,NULL,NULL,NULL,46,NULL,NULL,NULL,545,46),(47,207231,386,208,NULL,NULL,47,93,NULL,NULL,578,47),(48,205083,382,204,NULL,NULL,48,109,NULL,NULL,586,48),(49,207641,380,203,NULL,NULL,49,112,NULL,NULL,NULL,49),(50,203923,374,199,NULL,NULL,50,114,NULL,NULL,NULL,50),(51,202011,372,196,NULL,NULL,51,121,NULL,NULL,484,51),(52,207058,371,197,NULL,NULL,52,122,NULL,NULL,544,52),(53,201948,365,191,NULL,NULL,53,123,NULL,NULL,562,53),(54,211674,364,190,NULL,NULL,54,119,NULL,NULL,NULL,54),(55,199643,362,NULL,NULL,NULL,55,NULL,NULL,NULL,537,55),(56,205769,349,177,NULL,NULL,56,115,NULL,NULL,589,56),(57,206246,343,172,NULL,NULL,57,110,NULL,NULL,523,57),(58,210956,344,173,NULL,NULL,58,111,NULL,NULL,NULL,58),(59,211634,346,175,NULL,NULL,59,113,NULL,NULL,560,59),(60,208336,359,186,NULL,NULL,60,125,NULL,NULL,576,60),(61,202161,317,NULL,NULL,NULL,61,NULL,NULL,NULL,558,61),(62,208429,318,152,NULL,NULL,62,95,NULL,NULL,559,62),(63,203976,320,NULL,NULL,NULL,63,NULL,NULL,NULL,491,63),(64,210736,327,156,NULL,NULL,64,96,NULL,NULL,529,64),(65,199070,293,130,NULL,NULL,65,92,NULL,NULL,NULL,65),(66,212688,288,126,NULL,NULL,NULL,NULL,NULL,NULL,481,66),(67,196014,291,127,NULL,NULL,NULL,NULL,NULL,NULL,489,67),(68,213755,292,128,NULL,NULL,NULL,NULL,NULL,NULL,NULL,68),(69,205097,NULL,129,NULL,NULL,NULL,NULL,NULL,NULL,NULL,69),(70,213548,294,131,NULL,NULL,NULL,NULL,NULL,NULL,NULL,70),(71,134351,316,132,NULL,NULL,NULL,NULL,NULL,NULL,507,71),(72,162861,306,133,NULL,NULL,NULL,NULL,NULL,NULL,509,72),(73,197111,305,134,NULL,NULL,NULL,NULL,NULL,NULL,513,73),(74,204672,307,135,NULL,NULL,NULL,NULL,NULL,NULL,NULL,74),(75,207189,308,136,NULL,NULL,NULL,NULL,NULL,NULL,NULL,75),(76,196140,301,137,NULL,NULL,NULL,NULL,NULL,NULL,516,76),(77,190384,303,138,NULL,NULL,NULL,NULL,NULL,NULL,515,77),(78,193936,299,139,NULL,NULL,NULL,NULL,NULL,NULL,511,78),(79,188300,302,140,NULL,NULL,NULL,NULL,NULL,NULL,506,79),(80,185421,297,141,NULL,NULL,NULL,NULL,NULL,NULL,NULL,80),(81,184241,296,142,NULL,NULL,NULL,NULL,NULL,NULL,520,81),(82,189649,295,143,NULL,NULL,NULL,NULL,NULL,NULL,518,82),(83,193725,298,144,NULL,NULL,NULL,NULL,NULL,NULL,519,83),(84,173581,300,145,NULL,NULL,NULL,NULL,NULL,NULL,508,84),(85,173694,304,146,NULL,NULL,NULL,NULL,NULL,NULL,521,85),(86,162863,311,147,NULL,NULL,NULL,NULL,NULL,NULL,510,86),(87,161795,310,148,NULL,NULL,NULL,NULL,NULL,NULL,522,87),(88,154408,312,149,NULL,NULL,NULL,NULL,NULL,NULL,512,88),(89,111970,315,150,NULL,NULL,NULL,NULL,NULL,NULL,517,89),(90,157544,313,151,NULL,NULL,NULL,NULL,NULL,NULL,514,90),(91,209208,319,153,NULL,NULL,NULL,NULL,NULL,NULL,493,91),(92,209940,322,154,NULL,NULL,NULL,NULL,NULL,NULL,NULL,92),(93,210304,325,155,NULL,NULL,NULL,NULL,NULL,NULL,495,93),(94,203024,326,157,NULL,NULL,NULL,NULL,NULL,NULL,475,94),(95,194461,328,158,NULL,NULL,NULL,NULL,NULL,NULL,499,95),(96,205647,330,159,NULL,NULL,NULL,NULL,NULL,NULL,533,96),(97,200624,331,160,NULL,NULL,NULL,NULL,NULL,NULL,497,97),(98,196917,329,161,NULL,NULL,NULL,NULL,NULL,NULL,NULL,98),(99,200592,333,162,NULL,NULL,NULL,NULL,NULL,NULL,498,99),(100,212125,334,163,NULL,NULL,NULL,NULL,NULL,NULL,582,100),(101,209717,335,164,NULL,NULL,NULL,NULL,NULL,NULL,NULL,101),(102,198181,336,165,NULL,NULL,NULL,NULL,NULL,NULL,534,102),(103,213283,337,166,NULL,NULL,NULL,NULL,NULL,NULL,532,103),(104,191026,338,167,472,285,NULL,NULL,NULL,NULL,546,104),(105,206603,339,168,NULL,NULL,NULL,NULL,NULL,NULL,485,105),(106,206380,340,169,NULL,NULL,NULL,NULL,NULL,NULL,NULL,106),(107,212906,341,170,NULL,NULL,NULL,NULL,NULL,NULL,NULL,107),(108,204920,342,171,NULL,NULL,NULL,NULL,NULL,NULL,479,108),(109,200907,345,174,NULL,NULL,NULL,NULL,NULL,NULL,490,109),(110,210953,348,176,NULL,NULL,NULL,NULL,NULL,NULL,539,110),(111,213322,350,178,NULL,NULL,NULL,NULL,NULL,NULL,NULL,111),(112,211899,351,179,NULL,NULL,NULL,NULL,NULL,NULL,NULL,112),(113,206921,352,180,NULL,NULL,NULL,NULL,NULL,NULL,NULL,113),(114,212172,354,181,NULL,NULL,NULL,NULL,NULL,NULL,503,114),(115,210865,355,182,NULL,NULL,NULL,NULL,NULL,NULL,NULL,115),(116,207607,356,183,NULL,NULL,NULL,NULL,NULL,NULL,NULL,116),(117,207502,357,184,NULL,NULL,NULL,NULL,NULL,NULL,NULL,117),(118,213008,358,185,NULL,NULL,NULL,NULL,NULL,NULL,NULL,118),(119,201555,360,187,NULL,NULL,NULL,NULL,NULL,NULL,575,119),(120,208404,361,188,NULL,NULL,NULL,NULL,NULL,NULL,583,120),(121,208135,363,189,NULL,NULL,NULL,NULL,NULL,NULL,NULL,121),(122,207113,366,192,NULL,NULL,NULL,NULL,NULL,NULL,543,122),(123,206421,367,193,NULL,NULL,NULL,NULL,NULL,NULL,NULL,123),(124,204978,370,194,NULL,NULL,NULL,NULL,NULL,NULL,NULL,124),(125,210685,369,195,NULL,NULL,NULL,NULL,NULL,NULL,585,125),(126,203677,373,198,NULL,NULL,NULL,NULL,NULL,NULL,477,126),(127,209540,375,200,NULL,NULL,NULL,NULL,NULL,NULL,574,127),(128,206117,378,201,NULL,NULL,NULL,NULL,NULL,NULL,NULL,128),(129,207638,379,202,NULL,NULL,NULL,NULL,NULL,NULL,NULL,129),(130,208156,381,205,NULL,NULL,NULL,NULL,NULL,NULL,572,130),(131,207907,383,206,NULL,NULL,NULL,NULL,NULL,NULL,NULL,131),(132,209460,385,207,NULL,NULL,NULL,NULL,NULL,NULL,486,132),(133,208276,389,209,NULL,NULL,NULL,NULL,NULL,NULL,NULL,133),(134,213498,395,214,NULL,NULL,NULL,NULL,NULL,NULL,NULL,134),(135,209020,396,215,NULL,NULL,NULL,NULL,NULL,NULL,NULL,135),(136,194741,397,216,NULL,NULL,NULL,NULL,NULL,NULL,573,136),(137,208885,399,218,NULL,NULL,NULL,NULL,NULL,NULL,580,137),(138,210904,400,219,NULL,NULL,NULL,NULL,NULL,NULL,NULL,138),(139,210208,402,220,NULL,NULL,NULL,NULL,NULL,NULL,588,139),(140,211124,405,222,NULL,NULL,NULL,NULL,NULL,NULL,NULL,140),(141,204562,408,225,NULL,NULL,NULL,NULL,NULL,NULL,NULL,141),(142,207101,410,227,NULL,NULL,NULL,NULL,NULL,NULL,NULL,142),(143,210447,414,229,NULL,NULL,NULL,NULL,NULL,NULL,NULL,143),(144,211819,413,230,NULL,NULL,NULL,NULL,NULL,NULL,NULL,144),(145,208744,416,231,NULL,NULL,NULL,NULL,NULL,NULL,541,145),(146,206274,415,232,NULL,NULL,NULL,NULL,NULL,NULL,540,146),(147,196790,417,233,NULL,NULL,NULL,NULL,NULL,NULL,542,147),(148,205015,418,234,NULL,NULL,NULL,NULL,NULL,NULL,590,148),(149,211182,419,235,NULL,NULL,NULL,NULL,NULL,NULL,NULL,149),(150,212828,420,236,NULL,NULL,NULL,NULL,NULL,NULL,NULL,150),(151,212829,423,238,NULL,NULL,NULL,NULL,NULL,NULL,NULL,151),(152,213775,425,240,NULL,NULL,NULL,NULL,NULL,NULL,561,152),(153,209287,427,242,NULL,NULL,NULL,NULL,NULL,NULL,571,153),(154,204900,430,244,NULL,NULL,NULL,NULL,NULL,NULL,NULL,154),(155,204443,431,245,NULL,NULL,NULL,NULL,NULL,NULL,NULL,155),(156,209285,432,246,NULL,NULL,NULL,NULL,NULL,NULL,NULL,156),(157,213526,437,250,NULL,NULL,NULL,NULL,NULL,NULL,NULL,157),(158,213511,438,251,NULL,NULL,NULL,NULL,NULL,NULL,NULL,158),(159,33732,NULL,NULL,444,257,NULL,NULL,NULL,NULL,528,159),(160,70801,NULL,NULL,445,258,NULL,NULL,NULL,NULL,552,160),(161,55461,NULL,NULL,452,263,NULL,NULL,NULL,NULL,548,161),(162,83319,NULL,NULL,455,268,NULL,NULL,NULL,NULL,549,162),(163,148822,NULL,NULL,456,269,NULL,NULL,NULL,NULL,527,163),(164,173286,NULL,NULL,457,270,NULL,NULL,NULL,NULL,526,164),(165,96204,NULL,NULL,467,280,NULL,NULL,NULL,NULL,NULL,165),(166,196180,290,NULL,NULL,NULL,NULL,NULL,NULL,NULL,488,166),(167,203632,323,NULL,NULL,NULL,NULL,NULL,NULL,NULL,502,167),(168,203974,324,NULL,NULL,NULL,NULL,NULL,NULL,NULL,501,168),(169,209185,332,NULL,NULL,NULL,NULL,NULL,NULL,NULL,536,169),(170,197181,347,NULL,NULL,NULL,NULL,NULL,NULL,NULL,538,170),(171,199116,353,NULL,NULL,NULL,NULL,NULL,NULL,NULL,505,171),(172,201566,368,NULL,NULL,NULL,NULL,NULL,NULL,NULL,504,172),(173,213577,376,NULL,NULL,NULL,NULL,NULL,NULL,NULL,NULL,173),(174,200498,377,NULL,NULL,NULL,NULL,NULL,NULL,NULL,530,174),(175,211425,384,NULL,NULL,NULL,NULL,NULL,NULL,NULL,494,175),(176,200949,391,NULL,NULL,NULL,NULL,NULL,NULL,NULL,487,176),(177,209202,401,NULL,NULL,NULL,NULL,NULL,NULL,NULL,500,177),(178,193467,403,NULL,NULL,NULL,NULL,NULL,NULL,NULL,482,178),(179,202237,411,NULL,NULL,NULL,NULL,NULL,NULL,NULL,480,179),(180,209340,422,NULL,NULL,NULL,NULL,NULL,NULL,NULL,NULL,180),(181,200146,428,NULL,NULL,NULL,NULL,NULL,NULL,NULL,483,181),(182,189885,434,NULL,NULL,NULL,NULL,NULL,NULL,NULL,531,182);
/*!40000 ALTER TABLE `loans` ENABLE KEYS */;
UNLOCK TABLES;

--
-- Temporary view structure for view `loans_view`
--

DROP TABLE IF EXISTS `loans_view`;
/*!50001 DROP VIEW IF EXISTS `loans_view`*/;
SET @saved_cs_client     = @@character_set_client;
/*!50503 SET character_set_client = utf8mb4 */;
/*!50001 CREATE VIEW `loans_view` AS SELECT 
 1 AS `Заемщик`,
 1 AS `ИНН заемщика`,
 1 AS `Дата выдачи кредита`,
 1 AS `Дата окончания кредита`,
 1 AS `Текущий долг`,
 1 AS `Резерв по текущему долгу`,
 1 AS `Просроченный долг`,
 1 AS `Резерв по просроченному долгу`,
 1 AS `Текущие проценты`,
 1 AS `Резерв по текущим процентам`,
 1 AS `Просроченные проценты`,
 1 AS `Резерв по просроченным процентам`,
 1 AS `Обеспечение`,
 1 AS `Принимается ли обеспечение`,
 1 AS `% расчетного резерва`,
 1 AS `Анализ`*/;
SET character_set_client = @saved_cs_client;

--
-- Table structure for table `reports`
--

DROP TABLE IF EXISTS `reports`;
/*!40101 SET @saved_cs_client     = @@character_set_client */;
/*!50503 SET character_set_client = utf8mb4 */;
CREATE TABLE `reports` (
  `id` bigint unsigned NOT NULL AUTO_INCREMENT,
  `quality` decimal(5,2) DEFAULT NULL COMMENT 'Уровень расчетного резерва, %',
  `analytics` text COMMENT 'Описание заемщика и анализ кредита',
  `take_coverage` tinyint(1) DEFAULT NULL COMMENT 'Принимается ли обеспечение',
  `worker_id` smallint unsigned DEFAULT NULL COMMENT 'Является ли заемщик работником',
  `created_at` datetime DEFAULT NULL,
  `updated_at` datetime DEFAULT NULL,
  PRIMARY KEY (`id`),
  UNIQUE KEY `id` (`id`),
  KEY `reports_worker_id_fk` (`worker_id`),
  CONSTRAINT `reports_worker_id_fk` FOREIGN KEY (`worker_id`) REFERENCES `workers` (`id`)
) ENGINE=InnoDB AUTO_INCREMENT=183 DEFAULT CHARSET=utf8mb4 COLLATE=utf8mb4_0900_ai_ci;
/*!40101 SET character_set_client = @saved_cs_client */;

--
-- Dumping data for table `reports`
--

LOCK TABLES `reports` WRITE;
/*!40000 ALTER TABLE `reports` DISABLE KEYS */;
INSERT INTO `reports` VALUES (1,3.85,'Eaglet, and several other curious creatures. Alice',0,47,'2021-09-20 15:00:00','2026-09-20 15:00:00'),(2,100.00,'The Queen smiled and passed on. Who ARE you talki',0,31,'2014-12-20 11:00:00','2029-12-20 11:00:00'),(3,2.90,'Between yourself and me. Thats the reason of th',1,42,'2002-10-20 17:00:00','2030-10-20 17:00:00'),(4,52.47,'What made you so awfully clever? I have answered',1,30,'2011-07-20 16:00:00','2019-07-20 16:00:00'),(5,3.90,'The poor little thing howled so, that Alice had be',1,13,'2027-10-20 17:00:00','2026-11-20 17:00:00'),(6,100.00,'Mock Turtle, they--youve seen them, of course? ',1,17,'2021-08-20 17:00:00','2020-09-20 17:00:00'),(7,2.90,'Alice. Im glad theyve begun asking riddles.--I ',0,37,'2020-12-20 17:00:00','2018-01-20 18:00:00'),(8,20.00,'Rabbit was still in sight, hurrying down it. There',0,7,'2004-09-20 17:00:00','2024-09-20 17:00:00'),(9,1.57,'Do you think, at your age, it is I hate cats and d',1,15,'2008-10-20 18:00:00','2029-10-20 18:00:00'),(10,3.85,'Alice, surprised at her side. She was walking hand',1,20,'2028-07-20 16:00:00','2004-08-20 16:00:00'),(11,25.35,'Come here directly, and get ready to talk about wa',1,8,'2025-05-20 17:00:00','2023-06-20 17:00:00'),(12,2.90,'Williams conduct at first was in the middle. Alic',1,9,'2025-10-20 18:00:00','2023-11-20 18:00:00'),(13,1.19,'Dormouse followed him: the March Hare. I didnt k',1,13,'2023-08-20 17:00:00','2008-09-20 17:00:00'),(14,35.60,'And then a row of lamps hanging from the time they',1,34,'2001-03-20 18:00:00','2017-03-20 18:00:00'),(15,1.19,'Good-bye, feet! (for when she had asked it aloud;',0,8,'2007-06-20 18:00:00','2007-07-20 18:00:00'),(16,1.19,'Ill look first, she said, than waste it in with',1,42,'2008-11-20 18:00:00','2029-11-20 18:00:00'),(17,21.87,'Mouse was speaking, and this was not a mile high,',1,21,'2029-06-20 17:00:00','2015-07-20 17:00:00'),(18,4.80,'Alice looked at the March Hare went Sh! sh! and ',1,3,'2031-05-20 16:00:00','2029-06-20 16:00:00'),(19,1.57,'Alice could not swim. He sent them word I had our ',1,13,'2029-11-20 16:00:00','2001-12-20 16:00:00'),(20,1.57,'Queen, in a hurry that she was considering in her ',1,31,'2021-11-20 16:00:00','2005-12-20 16:00:00'),(21,4.80,'Dinah, tell me who YOU are, first. Why? said th',1,33,'2029-06-20 17:00:00','2009-07-20 17:00:00'),(22,1.57,'Alice heard it say to this: so she began again. I',1,28,'2022-03-20 18:00:00','2013-04-20 18:00:00'),(23,1.57,'Duchess; and the moral of THAT is--\"Take care of ',1,48,'2011-12-20 17:00:00','2023-12-20 17:00:00'),(24,1.57,'Alice again, in a large fan in the same tone, exac',0,22,'2022-11-20 18:00:00','2005-12-20 18:00:00'),(25,1.57,'And the moral of THAT is--\"Take care of themselves',1,9,'2004-04-20 17:00:00','2018-04-20 17:00:00'),(26,1.57,'Mock Turtle had just begun to repeat it, but her h',1,5,'2026-12-20 17:00:00','2013-01-20 18:00:00'),(27,1.57,'Seven looked up and repeat something now. Tell her',0,38,'2007-11-20 18:00:00','2007-11-20 18:00:00'),(28,1.57,'The executioners argument was, that her neck kept',0,21,'2015-11-20 18:00:00','2015-12-20 18:00:00'),(29,1.57,'Which shall sing? Oh, YOU sing, said the Queen.',1,16,'2023-04-20 15:00:00','2020-05-20 15:00:00'),(30,1.57,'She pitied him deeply. What is it? The Gryphon s',0,8,'2022-11-20 18:00:00','2020-12-20 18:00:00'),(31,52.47,'Because he knows it teases. CHORUS. (In which the',0,47,'2013-12-20 17:00:00','2029-12-20 17:00:00'),(32,20.00,'She pitied him deeply. What is his sorrow? she a',0,25,'2007-06-20 17:00:00','2007-07-20 17:00:00'),(33,1.57,'Alice ventured to ask. Suppose we change the subj',1,4,'2026-06-20 18:00:00','2016-07-20 18:00:00'),(34,100.00,'Gryphon, the squeaking of the soldiers did. After ',1,9,'2018-03-20 16:00:00','2012-04-20 16:00:00'),(35,1.57,'Alice, timidly; some of the country is, you ARE a',0,10,'2025-03-20 16:00:00','2020-04-20 16:00:00'),(36,4.80,'Alice herself, and fanned herself with one of the ',1,14,'2029-05-20 18:00:00','2013-06-20 18:00:00'),(37,0.00,'Majesty must cross-examine THIS witness. Well, i',0,11,'2021-08-20 18:00:00','2004-09-20 18:00:00'),(38,25.35,'I got up in such a fall as this, I shall see it ag',0,42,'2023-08-20 18:00:00','2016-09-20 18:00:00'),(39,25.35,'Mouse only growled in reply. Thats right! shout',1,5,'2022-03-20 17:00:00','2030-03-20 17:00:00'),(40,25.35,'OUTSIDE. He unfolded the paper as he spoke. A ca',0,29,'2022-03-20 17:00:00','2014-04-20 17:00:00'),(41,1.57,'Majesty, said the Mock Turtle recovered his voice',1,20,'2023-06-20 16:00:00','2011-07-20 16:00:00'),(42,1.57,'Alice was very uncomfortable, and, as the game was',1,31,'2015-06-20 17:00:00','2024-06-20 17:00:00'),(43,1.57,'I was going to leave it behind? She said the King',0,14,'2015-06-20 17:00:00','2006-07-20 17:00:00'),(44,3.85,'But if Im not used to come once a week: HE taught',0,30,'2001-09-20 16:00:00','2026-09-20 16:00:00'),(45,0.00,'But her sister was reading, but it said in a sooth',1,41,'2001-06-20 18:00:00','2030-06-20 18:00:00'),(46,0.00,'After a while, finding that nothing more to come, ',1,9,'2008-11-20 18:00:00','2014-11-20 18:00:00'),(47,3.85,'Elsie, Lacie, and Tillie; and they sat down, and f',1,8,'2025-06-20 18:00:00','2007-07-20 18:00:00'),(48,0.00,'VERY deeply with a yelp of delight, which changed ',1,44,'2028-05-20 18:00:00','2002-06-20 18:00:00'),(49,2.90,'Gryphon, and, taking Alice by the end of the trees',0,27,'2005-04-20 18:00:00','2007-04-20 18:00:00'),(50,1.57,'Rabbits--Pat! Pat! Where are you? said Alice, ',0,8,'2021-12-20 16:00:00','2019-01-20 17:00:00'),(51,1.57,'Coils. What was THAT like? said Alice. You mus',1,45,'2001-11-20 17:00:00','2019-11-20 17:00:00'),(52,52.47,'Gryphon in an agony of terror. Oh, there goes his',1,51,'2013-12-20 17:00:00','2012-01-20 18:00:00'),(53,52.47,'He trusts to you to sit down without being invited',1,44,'2026-10-20 17:00:00','2028-10-20 17:00:00'),(54,20.00,'Alice, or perhaps they wont walk the way to fly ',0,16,'2003-04-20 17:00:00','2001-05-20 17:00:00'),(55,21.87,'I suppose, by being drowned in my time, but never ',1,21,'2012-07-20 17:00:00','2006-08-20 17:00:00'),(56,1.57,'Alice a good thing! she said to herself. I dare ',1,51,'2017-10-20 18:00:00','2005-11-20 18:00:00'),(57,3.85,'She was a sound of many footsteps, and Alice rathe',1,8,'2023-06-20 17:00:00','2026-06-20 17:00:00'),(58,3.85,'March Hare, who had followed him into the air. --',0,20,'2001-11-20 17:00:00','2023-11-20 17:00:00'),(59,35.60,'At this moment the King, and the Queens shrill cr',1,11,'2020-02-20 18:00:00','2008-03-20 18:00:00'),(60,1.19,'Two. Two began in a great crash, as if she did not',1,31,'2016-08-20 16:00:00','2031-08-20 16:00:00'),(61,21.29,'Its HIM. I dont much care where-- said Alice.',1,47,'2019-09-20 18:00:00','2004-10-20 18:00:00'),(62,0.00,'Alice indignantly, and she did not venture to ask ',1,25,'2003-08-20 17:00:00','2022-08-20 17:00:00'),(63,0.00,'And here Alice began to tremble. Alice looked all ',1,34,'2005-04-20 17:00:00','2028-04-20 17:00:00'),(64,3.85,'Rabbit noticed Alice, as she wandered about in the',1,17,'2011-12-20 15:00:00','2010-01-20 16:00:00'),(65,3.85,'Rabbit noticed Alice, as she heard a little bird a',0,12,'2019-07-20 13:00:00','2030-07-20 13:00:00'),(66,3.85,'The only things in the kitchen. When IM a Duches',1,13,'2028-07-20 14:00:00','2021-08-20 14:00:00'),(67,3.85,'There was a treacle-well. Theres no such thing!',1,6,'2013-02-20 14:00:00','2010-03-20 14:00:00'),(68,3.85,'And she went back to the shore. CHAPTER III. A Cau',0,35,'2013-02-20 14:00:00','2004-03-20 14:00:00'),(69,3.85,'Queen, in a mournful tone, he wont do a thing be',0,2,'2003-08-20 16:00:00','2002-09-20 16:00:00'),(70,3.85,'SOME change in my time, but never ONE with such a ',0,13,'2026-11-20 13:00:00','2028-11-20 13:00:00'),(71,3.85,'And she kept on good terms with him, hed do almos',1,21,'2013-01-20 17:00:00','2031-01-20 17:00:00'),(72,3.85,'The Mouse gave a little different. But if Im not ',1,49,'2017-12-20 13:00:00','2031-12-20 13:00:00'),(73,3.85,'Oh dear! Id nearly forgotten that Ive got back t',1,40,'2014-03-20 16:00:00','2005-04-20 16:00:00'),(74,3.85,'Alice in a confused way, Prizes! Prizes! Alice h',0,29,'2028-11-20 16:00:00','2011-12-20 16:00:00'),(75,3.85,'Hatter instead! CHAPTER VII. A Mad Tea-Party Ther',0,26,'2011-03-20 13:00:00','2024-03-20 13:00:00'),(76,3.85,'Hatter dropped his teacup instead of onions. Seve',1,26,'2004-02-20 16:00:00','2026-02-20 16:00:00'),(77,3.85,'Alice in a deep, hollow tone: sit down, both of y',1,36,'2001-08-20 16:00:00','2016-08-20 16:00:00'),(78,3.85,'If she should meet the real Mary Ann, and be turne',1,19,'2026-06-20 15:00:00','2006-07-20 15:00:00'),(79,3.85,'And beat him when he pleases! CHORUS. Wow! wow! ',1,8,'2001-07-20 14:00:00','2006-07-20 14:00:00'),(80,3.85,'CHAPTER VIII. The Queens argument was, that anyth',0,3,'2030-01-20 14:00:00','2013-02-20 14:00:00'),(81,21.87,'Mouse, who was beginning to see that queer little ',1,12,'2024-05-20 12:00:00','2026-05-20 12:00:00'),(82,1.19,'I should think you might do something better with ',1,41,'2015-02-20 18:00:00','2010-03-20 18:00:00'),(83,1.19,'Alice could see, as they were IN the well, Alice ',1,23,'2003-08-20 18:00:00','2013-08-20 18:00:00'),(84,100.00,'Alice had begun to dream that she tipped over the ',1,14,'2029-03-20 12:00:00','2010-04-20 12:00:00'),(85,100.00,'Alice indignantly. Let me alone! Serpent, I say',1,14,'2019-03-20 12:00:00','2025-03-20 12:00:00'),(86,100.00,'Miss, were doing our best, afore she comes, to--',1,29,'2022-06-20 12:00:00','2028-06-20 12:00:00'),(87,100.00,'Alice, a little pattering of feet in the window, a',1,43,'2031-07-20 14:00:00','2018-08-20 14:00:00'),(88,100.00,'Cat. Do you play croquet? The soldiers were alwa',1,10,'2015-10-20 13:00:00','2024-10-20 13:00:00'),(89,100.00,'Pigeon. I can tell you more than three. Your ha',1,11,'2008-07-20 11:00:00','2030-07-20 11:00:00'),(90,58.35,'Mock Turtle. Seals, turtles, salmon, and so on. ',1,24,'2005-12-20 16:00:00','2001-01-20 17:00:00'),(91,0.00,'I dont remember where. Well, it must be kind to',1,10,'2005-04-20 16:00:00','2025-04-20 16:00:00'),(92,3.85,'Caterpillar. Not QUITE right, Im afraid, said A',0,47,'2027-07-20 18:00:00','2006-08-20 18:00:00'),(93,3.85,'Time, and round Alice, every now and then; such as',1,22,'2008-06-20 17:00:00','2004-07-20 17:00:00'),(94,21.87,'Alice, very much at this, that she wasnt a really',1,24,'2003-03-20 16:00:00','2026-03-20 16:00:00'),(95,1.57,'Alice; I cant remember half of fright and half o',1,46,'2029-10-20 18:00:00','2027-11-20 18:00:00'),(96,1.57,'She felt that this could not even room for this, a',1,7,'2006-02-20 18:00:00','2010-02-20 18:00:00'),(97,1.57,'Alice had begun to think about stopping herself be',1,5,'2010-03-20 17:00:00','2021-03-20 17:00:00'),(98,25.35,'So Bills got to the door. Call the next moment a',0,30,'2030-10-20 17:00:00','2021-11-20 17:00:00'),(99,1.57,'Exactly as we neednt try to find her way into a p',1,35,'2029-12-20 16:00:00','2012-01-20 17:00:00'),(100,1.57,'See how eagerly the lobsters and the choking of th',1,42,'2030-05-20 18:00:00','2015-06-20 18:00:00'),(101,52.47,'Pat, whats that in about half no time! Take your ',0,37,'2020-04-20 18:00:00','2016-05-20 18:00:00'),(102,23.90,'Queen. Well, I never was so large in the sky. Twi',1,4,'2028-04-20 17:00:00','2030-04-20 17:00:00'),(103,6.70,'And beat him when he pleases! CHORUS. Wow! wow! ',1,26,'2030-11-20 12:00:00','2030-11-20 12:00:00'),(104,100.00,'Alice, (she had grown to her lips. I know SOMETHI',1,39,'2017-01-20 17:00:00','2026-01-20 17:00:00'),(105,1.57,'VERY much out of breath, and said anxiously to her',1,32,'2003-08-20 18:00:00','2028-08-20 18:00:00'),(106,21.87,'I THINK; or is it twelve? I-- Oh, dont bother M',0,2,'2003-05-20 17:00:00','2008-05-20 17:00:00'),(107,1.57,'I am very tired of swimming about here, O Mouse! ',0,2,'2016-02-20 18:00:00','2009-03-20 18:00:00'),(108,1.57,'I wish I could show you our cat Dinah: I think you',1,45,'2015-05-20 18:00:00','2025-05-20 18:00:00'),(109,1.57,'Her chin was pressed so closely against her foot, ',1,35,'2021-12-20 16:00:00','2004-01-20 17:00:00'),(110,1.57,'I shall never get to the game, the Queen said to t',1,4,'2029-03-20 17:00:00','2012-04-20 17:00:00'),(111,1.57,'Which shall sing? Oh, YOU sing, said the Mouse,',0,5,'2020-03-20 18:00:00','2029-03-20 18:00:00'),(112,1.00,'No, no! Youre a serpent; and theres no use in sa',0,45,'2030-05-20 13:00:00','2009-06-20 13:00:00'),(113,1.19,'Queen. An invitation from the roof. There were doo',0,20,'2019-03-20 18:00:00','2010-04-20 18:00:00'),(114,0.00,'I say again! repeated the Pigeon, but in a coaxin',1,50,'2010-03-20 16:00:00','2001-04-20 16:00:00'),(115,100.00,'I am so VERY tired of swimming about here, O Mouse',0,24,'2018-05-20 16:00:00','2013-06-20 16:00:00'),(116,100.00,'THESE? said the Dormouse, who seemed too much ove',0,15,'2009-11-20 11:00:00','2004-12-20 11:00:00'),(117,100.00,'WHAT things? said the cook. The King laid his han',0,28,'2021-06-20 13:00:00','2019-07-20 13:00:00'),(118,100.00,'Soup! Beau--ootiful Soo--oop! Soo--oop of the othe',0,38,'2027-02-20 12:00:00','2011-03-20 12:00:00'),(119,100.00,'By this time the Mouse was bristling all over, and',1,17,'2008-10-20 13:00:00','2001-11-20 13:00:00'),(120,100.00,'VERY unpleasant state of mind, she turned the corn',1,10,'2021-09-20 12:00:00','2021-09-20 12:00:00'),(121,100.00,'Alice herself, and once again the tiny hands were ',0,44,'2019-10-20 15:00:00','2010-11-20 15:00:00'),(122,100.00,'I suppose? Yes, said Alice, rather doubtfully, ',1,46,'2029-05-20 12:00:00','2007-06-20 12:00:00'),(123,100.00,'ME were beautifully marked in currants. Well, I',0,39,'2021-06-20 12:00:00','2024-06-20 12:00:00'),(124,100.00,'And oh, my poor little thing was snorting like a s',0,38,'2030-05-20 13:00:00','2014-06-20 13:00:00'),(125,100.00,'Dormouse: not in that case I can find out the Fis',1,25,'2030-05-20 13:00:00','2011-06-20 13:00:00'),(126,100.00,'CAN all that stuff, the Mock Turtle had just begu',1,29,'2030-05-20 13:00:00','2021-06-20 13:00:00'),(127,100.00,'I know? said Alice, very loudly and decidedly, an',1,14,'2030-05-20 13:00:00','2030-05-20 13:00:00'),(128,100.00,'King said to the puppy; whereupon the puppy jumped',0,29,'2025-10-20 13:00:00','2012-11-20 13:00:00'),(129,4.80,'Good-bye, feet! (for when she looked back once or',0,14,'2030-08-20 17:00:00','2019-09-20 17:00:00'),(130,26.80,'King said, with a pair of white kid gloves, and sh',1,25,'2004-05-20 18:00:00','2028-05-20 18:00:00'),(131,3.85,'Alice to herself. Imagine her surprise, when the W',0,14,'2028-08-20 18:00:00','2025-09-20 18:00:00'),(132,1.19,'Ill tell you his history, As they walked off tog',1,25,'2016-11-20 18:00:00','2024-11-20 18:00:00'),(133,23.90,'Duchess, as pigs have to whisper a hint to Time, ',0,41,'2022-08-20 17:00:00','2017-09-20 17:00:00'),(134,100.00,'Alice was silent. The King and Queen of Hearts wer',0,29,'2018-01-20 13:00:00','2007-02-20 13:00:00'),(135,100.00,'Mock Turtle to sing you a present of everything I',0,48,'2030-12-20 15:00:00','2021-01-20 16:00:00'),(136,100.00,'We must have been that, said the Dormouse: not i',1,7,'2002-02-20 17:00:00','2021-02-20 17:00:00'),(137,1.00,'YOU must cross-examine THIS witness. Well, if I ',1,42,'2025-05-20 18:00:00','2010-06-20 18:00:00'),(138,1.00,'Alice to find that the Mouse only growled in reply',0,39,'2001-08-20 18:00:00','2023-08-20 18:00:00'),(139,1.00,'Gryphon, you first form into a butterfly, I shoul',1,25,'2027-06-20 18:00:00','2010-07-20 18:00:00'),(140,1.00,'The poor little thing was to twist it up into hers',0,43,'2013-04-20 18:00:00','2020-04-20 18:00:00'),(141,1.00,'Alice as he could go. Alice took up the conversati',0,45,'2010-09-20 18:00:00','2015-09-20 18:00:00'),(142,1.00,'Alice thoughtfully: but then--I shouldnt be hung',0,42,'2023-04-20 18:00:00','2023-04-20 18:00:00'),(143,1.00,'Lizards slate-pencil, and the arm that was lying ',0,45,'2027-04-20 18:00:00','2009-05-20 18:00:00'),(144,1.00,'LITTLE larger, sir, if you cut your finger VERY de',0,42,'2023-04-20 18:00:00','2025-04-20 18:00:00'),(145,1.00,'Mock Turtle. Certainly not! said Alice indignant',1,37,'2019-06-20 18:00:00','2025-06-20 18:00:00'),(146,1.00,'Alice could think of anything else. CHAPTER V. Adv',1,19,'2006-11-20 18:00:00','2016-11-20 18:00:00'),(147,1.00,'Lobster; I heard him declare, \"You have baked me t',1,32,'2023-03-20 18:00:00','2013-04-20 18:00:00'),(148,1.00,'Trims his belt and his buttons, and turns out his ',1,29,'2023-05-20 18:00:00','2006-06-20 18:00:00'),(149,1.00,'I wonder what CAN have happened to me! ILL soon m',0,21,'2024-08-20 18:00:00','2026-08-20 18:00:00'),(150,1.00,'I wonder what CAN have happened to you? Tell us al',0,20,'2004-12-20 17:00:00','2009-12-20 17:00:00'),(151,1.00,'Alice could not think of anything else. CHAPTER V.',0,15,'2012-10-20 18:00:00','2013-10-20 18:00:00'),(152,1.00,'It was the first sentence in her hand, and made an',1,37,'2025-12-20 17:00:00','2026-12-20 17:00:00'),(153,1.00,'For some minutes the whole window! Sure, it does',1,46,'2022-05-20 18:00:00','2007-06-20 18:00:00'),(154,1.00,'Rabbit whispered in a great hurry; and their name',0,10,'2031-05-20 18:00:00','2006-06-20 18:00:00'),(155,1.00,'PROVES his guilt, said the cook. Treacle, said ',0,39,'2031-05-20 18:00:00','2024-06-20 18:00:00'),(156,1.00,'England the nearer is to give the prizes? quite a',0,3,'2020-04-20 18:00:00','2027-04-20 18:00:00'),(157,1.00,'Cat, and vanished again. Alice waited patiently un',0,10,'2019-09-20 16:00:00','2013-10-20 16:00:00'),(158,1.00,'Hatter went on, Whats your name, child? My nam',0,48,'2006-04-20 18:00:00','2012-04-20 18:00:00'),(159,1.00,'Alice could hardly hear the rattle of the e--e--ev',1,12,'2006-12-20 17:00:00','2016-12-20 17:00:00'),(160,1.00,'And the executioner went off like an arrow. The Ca',1,2,'2010-11-20 17:00:00','2009-12-20 17:00:00'),(161,1.00,'I ever saw one that size? Why, it fills the whole ',1,9,'2009-06-20 18:00:00','2018-06-20 18:00:00'),(162,1.00,'Alices shoulder as he found it made Alice quite j',1,17,'2030-08-20 18:00:00','2027-09-20 18:00:00'),(163,1.00,'However, everything is queer to-day. Just then he',1,44,'2007-09-20 18:00:00','2002-10-20 18:00:00'),(164,1.00,'I used--and I dont put my arm round your waist, ',1,21,'2014-03-20 18:00:00','2010-04-20 18:00:00'),(165,1.00,'VERY turn-up nose, much more like a steam-engine w',0,23,'2003-08-20 17:00:00','2024-08-20 17:00:00'),(166,1.00,'Lory positively refused to tell me who YOU are, fi',1,46,'2025-04-20 18:00:00','2002-05-20 18:00:00'),(167,1.00,'What would become of me? Theyre dreadfully fond o',1,2,'2007-11-20 18:00:00','2021-11-20 18:00:00'),(168,3.00,'So you see, Miss, were doing our best, afore she ',1,47,'2016-03-20 16:00:00','2011-04-20 16:00:00'),(169,1.00,'Alice looked up, and there they are! said the Gry',1,40,'2023-04-20 18:00:00','2030-04-20 18:00:00'),(170,1.00,'I should think you could keep it to her feet, for ',1,32,'2027-03-20 18:00:00','2016-04-20 18:00:00'),(171,1.00,'COULD grin. They all can, said the King, lookin',1,16,'2024-11-20 17:00:00','2004-12-20 17:00:00'),(172,21.87,'Take your choice! The Duchess took no notice of h',1,22,'2017-05-20 18:00:00','2002-06-20 18:00:00'),(173,100.00,'Jack-in-the-box, and up the fan and the March Hare',0,34,'2026-03-20 12:00:00','2012-04-20 12:00:00'),(174,100.00,'The Cat seemed to her ear, and whispered Shes un',1,32,'2005-12-20 12:00:00','2006-12-20 12:00:00'),(175,1.57,'SHE, of course, said the one who got any advantag',1,18,'2018-09-20 18:00:00','2020-09-20 18:00:00'),(176,1.57,'VERY wide, but she saw them, they set to partners-',1,37,'2027-04-20 18:00:00','2017-05-20 18:00:00'),(177,1.57,'Luckily for Alice, the little door, had vanished c',1,12,'2022-08-20 17:00:00','2002-09-20 17:00:00'),(178,10.50,'Alice had never done such a pleasant temper, and t',1,41,'2002-09-20 13:00:00','2022-09-20 13:00:00'),(179,100.00,'However, everything is queer to-day. Just then sh',1,10,'2017-12-20 13:00:00','2018-12-20 13:00:00'),(180,100.00,'I was going a journey, I should say \"With what por',0,9,'2022-09-20 15:00:00','2030-09-20 15:00:00'),(181,1.00,'Why, theres hardly room for this, and Alice was a',1,13,'2026-03-20 18:00:00','2002-04-20 18:00:00'),(182,1.00,'Presently the Rabbit began. Alice gave a little fe',1,8,'2021-02-20 18:00:00','2002-03-20 18:00:00');
/*!40000 ALTER TABLE `reports` ENABLE KEYS */;
UNLOCK TABLES;

--
-- Table structure for table `transactions`
--

DROP TABLE IF EXISTS `transactions`;
/*!40101 SET @saved_cs_client     = @@character_set_client */;
/*!50503 SET character_set_client = utf8mb4 */;
CREATE TABLE `transactions` (
  `id` bigint unsigned NOT NULL AUTO_INCREMENT,
  `acc_debet` bigint unsigned DEFAULT NULL COMMENT 'Счет по дебету',
  `acc_credit` bigint unsigned DEFAULT NULL COMMENT 'Счет по кредиту',
  `val` bigint unsigned DEFAULT NULL COMMENT 'Сумма проводки',
  PRIMARY KEY (`id`)
) ENGINE=ARCHIVE AUTO_INCREMENT=467 DEFAULT CHARSET=utf8mb4 COLLATE=utf8mb4_0900_ai_ci;
/*!40101 SET character_set_client = @saved_cs_client */;

--
-- Dumping data for table `transactions`
--

LOCK TABLES `transactions` WRITE;
/*!40000 ALTER TABLE `transactions` DISABLE KEYS */;
INSERT INTO `transactions` VALUES (1,27,593,793),(2,28,593,1440),(3,29,593,86604),(4,30,593,1476),(5,31,593,2054),(6,32,593,2197),(7,33,593,236),(8,34,593,1843),(9,35,593,1076),(10,36,593,4765),(11,37,593,6120),(12,38,593,4853),(13,39,593,3269),(14,40,593,421),(15,41,593,4042),(16,42,593,1082),(17,43,593,1558),(18,44,593,152),(19,45,593,15308),(20,46,593,418),(21,47,593,4556),(22,48,593,7404),(23,49,593,5468),(24,50,593,304),(25,51,593,31878),(26,52,593,25314),(27,53,593,1569),(28,54,593,323),(29,55,593,48967),(30,56,593,23037),(31,592,92,17977),(32,592,93,46),(33,592,94,40),(34,592,95,635),(35,592,96,321),(36,592,97,18),(37,592,98,48),(38,592,99,11),(39,592,100,14),(40,592,101,15),(41,592,102,21954),(42,592,103,16),(43,592,104,21),(44,592,105,2),(45,592,106,33),(46,592,107,22),(47,592,108,49),(48,592,109,74),(49,592,110,847),(50,592,111,76),(51,592,112,55),(52,592,113,161),(53,592,114,3),(54,592,115,230),(55,592,116,11),(56,592,117,4),(57,592,118,2),(58,592,119,3),(59,592,120,61),(60,592,121,379),(61,592,122,301),(62,592,123,375),(63,592,124,8),(64,592,125,9),(65,592,126,263895),(66,592,127,69844),(67,592,128,125600),(68,592,129,219800),(69,592,130,1567645),(70,592,131,125600),(71,592,132,486255),(72,592,133,76230),(73,592,134,33880),(74,592,135,183533),(75,592,136,268470),(76,592,137,20405),(77,592,138,21175),(78,592,139,51205),(79,592,140,769230),(80,592,141,191730),(81,592,142,11550),(82,592,143,16555),(83,592,144,14630),(84,592,145,114730),(85,592,146,10780),(86,592,147,68530),(87,592,148,10780),(88,592,149,49280),(89,592,150,18480),(90,592,151,26180),(91,592,152,656261),(92,592,153,7255),(93,592,154,71995),(94,592,155,92195),(95,592,156,135546),(96,592,157,30016),(97,592,158,49569),(98,592,159,10582),(99,592,160,301116),(100,592,161,3271),(101,592,162,52095),(102,592,163,54590),(103,592,164,2448),(104,592,165,6434),(105,592,166,202513),(106,592,167,16974858),(107,592,168,24020299),(108,592,169,756171),(109,592,170,1977),(110,592,171,14658),(111,592,172,41323),(112,592,173,5950),(113,592,174,224437),(114,592,175,65927),(115,592,176,95763),(116,592,177,18593),(117,592,178,1038),(118,592,179,5900),(119,592,180,1754),(120,592,181,55843),(121,592,182,4455),(122,592,183,161741),(123,592,184,105664),(124,592,185,429937),(125,592,186,3450),(126,592,187,4000),(127,592,188,248099),(128,592,189,23048309),(129,592,190,8430),(130,592,191,117052),(131,592,192,7701),(132,592,193,1600),(133,592,194,4744),(134,592,195,8881),(135,592,196,1460),(136,592,197,8060),(137,592,198,16517),(138,592,199,3575),(139,592,200,5653),(140,592,201,139),(141,592,202,4207),(142,592,203,4945),(143,592,204,4964),(144,592,205,5890),(145,592,206,3694),(146,592,207,25092),(147,592,208,15660),(148,592,209,812),(149,592,210,561),(150,592,211,4442),(151,592,212,3760),(152,592,213,22766),(153,592,214,3429),(154,592,215,4326),(155,592,216,5940),(156,592,217,600),(157,592,218,437400),(158,592,219,3998),(159,592,220,6244),(160,592,221,12430),(161,592,222,1774),(162,592,223,4996),(163,592,224,5850),(164,592,225,2881),(165,592,226,7962),(166,592,227,88),(167,592,228,15529),(168,592,229,1376),(169,592,230,7809),(170,592,231,123467),(171,592,232,107971),(172,592,233,47396),(173,592,234,3307),(174,592,235,4527),(175,592,236,4890),(176,592,237,6054),(177,592,238,501),(178,592,239,19571),(179,592,240,43799),(180,592,241,5204),(181,592,242,5981),(182,592,243,7710),(183,592,244,2396),(184,592,245,1308),(185,592,246,8143),(186,592,247,6693),(187,592,248,4207),(188,592,249,363392),(189,592,250,7000),(190,592,251,3000),(191,592,252,3286),(192,592,253,3015),(193,288,591,10018268),(194,289,591,14745641),(195,290,591,45011075),(196,291,591,10631000),(197,292,591,8000000),(198,293,591,99850000),(199,294,591,8000000),(200,295,591,430000),(201,296,591,300000),(202,297,591,4873200),(203,298,591,380000),(204,299,591,1330000),(205,300,591,2980000),(206,301,591,530000),(207,302,591,19980000),(208,303,591,550000),(209,304,591,280000),(210,305,591,880000),(211,306,591,1980000),(212,307,591,11690000),(213,308,591,10000000),(214,309,591,7100000),(215,310,591,280000),(216,311,591,1780000),(217,312,591,1280000),(218,313,591,680000),(219,314,591,106800),(220,315,591,480000),(221,316,591,12630000),(222,317,591,11935184),(223,318,591,5612265),(224,319,591,200000),(225,320,591,32310000),(226,321,591,17690000),(227,322,591,9000000),(228,323,591,14180000),(229,324,591,22428000),(230,325,591,50000000),(231,326,591,19990000),(232,327,591,6850000),(233,328,591,2000000),(234,329,591,208341),(235,330,591,3068000),(236,331,591,36620000),(237,332,591,2700000),(238,333,591,5990000),(239,334,591,8964539),(240,335,591,244760),(241,336,591,4600000),(242,337,591,13125000),(243,338,591,27200000),(244,339,591,149700000),(245,340,591,16374076),(246,341,591,197680),(247,342,591,2090900),(248,343,591,5800000),(249,344,591,500000),(250,345,591,23982012),(251,346,591,3906414),(252,347,591,12220863),(253,348,591,8285151),(254,349,591,1859298),(255,350,591,103785),(256,351,591,590046),(257,352,591,175350),(258,353,591,250000),(259,354,591,1710000),(260,355,591,445508),(261,356,591,7115000),(262,357,591,394270),(263,358,591,44000000),(264,359,591,345000),(265,360,591,400000),(266,361,591,17036791),(267,362,591,3167105),(268,363,591,43926641),(269,364,591,842957),(270,365,591,3368018),(271,366,591,3650000),(272,367,591,160006),(273,368,591,700000),(274,369,591,888081),(275,370,591,474399),(276,371,591,1965000),(277,372,591,2462500),(278,373,591,1725000),(279,374,591,357458),(280,375,591,565263),(281,376,591,300000),(282,377,591,5806500),(283,378,591,13907),(284,379,591,420723),(285,380,591,494502),(286,381,591,589012),(287,382,591,496354),(288,383,591,369433),(289,384,591,2000000),(290,385,591,4000000),(291,386,591,1566000),(292,387,591,164000),(293,388,591,1175000),(294,389,591,81156),(295,390,591,56112),(296,391,591,13964601),(297,392,591,444186),(298,393,591,376000),(299,394,591,2276578),(300,395,591,342898),(301,396,591,432644),(302,397,591,594037),(303,398,591,59970),(304,399,591,2000000),(305,400,591,399794),(306,401,591,700000),(307,402,591,624441),(308,403,591,480000),(309,404,591,1243012),(310,405,591,177351),(311,406,591,499596),(312,407,591,195000),(313,408,591,288084),(314,409,591,796181),(315,410,591,8823),(316,411,591,3145000),(317,412,591,1552878),(318,413,591,780943),(319,414,591,137582),(320,415,591,45000000),(321,416,591,10000000),(322,417,591,6334000),(323,418,591,330686),(324,419,591,452705),(325,420,591,489037),(326,421,591,605381),(327,422,591,492000),(328,423,591,50070),(329,424,591,1957097),(330,425,591,4200000),(331,426,591,520427),(332,427,591,598101),(333,428,591,3839853),(334,429,591,771000),(335,430,591,239616),(336,431,591,130765),(337,432,591,814337),(338,433,591,669299),(339,434,591,95250),(340,435,591,420747),(341,436,591,6365000),(342,437,591,700000),(343,438,591,300000),(344,439,591,328584),(345,440,591,301507),(346,475,594,39905200),(347,476,594,350000),(348,477,594,2740000),(349,478,594,3135600),(350,479,594,2706250),(351,480,594,21535000),(352,481,594,28573500),(353,482,594,3105000),(354,483,594,10406200),(355,484,594,4925900),(356,485,594,173110000),(357,486,594,3982000),(358,487,594,29934000),(359,488,594,204253000),(360,489,594,15903300),(361,490,594,40644700),(362,491,594,118582100),(363,492,594,10141950),(364,493,594,360000),(365,494,594,2000000),(366,495,594,104497500),(367,496,594,3361800),(368,497,594,34114500),(369,498,594,11926050),(370,499,594,1500000),(371,500,594,350000),(372,501,594,118582100),(373,502,594,118582100),(374,503,594,3511200),(375,504,594,2826600),(376,505,594,1050000),(377,506,594,20000000),(378,507,594,10000000),(379,508,594,3000000),(380,509,594,2500000),(381,510,594,1800000),(382,511,594,1350000),(383,512,594,1300000),(384,513,594,900000),(385,514,594,700000),(386,515,594,1500000),(387,516,594,550000),(388,517,594,518000),(389,518,594,450000),(390,519,594,400000),(391,520,594,320000),(392,521,594,300000),(393,522,594,500000),(394,523,594,4900000),(395,524,594,1035000),(396,525,594,735000),(397,526,594,5675000),(398,527,594,3650000),(399,528,594,245000),(400,529,594,7009100),(401,530,594,15636600),(402,531,594,576100),(403,532,594,476000),(404,533,594,5040000),(405,534,594,8821400),(406,535,594,10446500),(407,536,594,16315100),(408,537,594,13326300),(409,538,594,63326900),(410,539,594,32296600),(411,540,594,87852918),(412,541,594,24730720),(413,542,594,28987000),(414,543,594,6651600),(415,544,594,2711000),(416,545,594,1620000),(417,546,594,25648965),(418,547,594,815000),(419,548,594,4500000),(420,549,594,1975000),(421,550,594,2915000),(422,551,594,775000),(423,552,594,3700000),(424,553,594,1675000),(425,554,594,1675000),(426,555,594,1675000),(427,556,594,1675000),(428,557,594,2500000),(429,558,594,40504000),(430,559,594,2849000),(431,560,594,3382000),(432,561,594,1093500),(433,562,594,6059500),(434,563,594,666500),(435,564,594,200000),(436,565,594,2880000),(437,566,594,4613500),(438,567,594,2000000),(439,568,594,3400000),(440,569,594,150000),(441,570,594,1962500),(442,571,594,450000),(443,572,594,300000),(444,573,594,1928000),(445,574,594,470000),(446,575,594,150000),(447,576,594,150000),(448,577,594,2913000),(449,578,594,2030000),(450,579,594,700000),(451,580,594,2727500),(452,581,594,200000),(453,582,594,12887000),(454,583,594,2745400),(455,584,594,1968500),(456,585,594,400000),(457,586,594,300000),(458,587,594,300000),(459,588,594,500000),(460,589,594,1690500),(461,590,594,400000),(462,446,407,195000),(463,407,446,195000),(464,446,407,195000),(465,407,446,195000),(466,446,407,195000);
/*!40000 ALTER TABLE `transactions` ENABLE KEYS */;
UNLOCK TABLES;
/*!50003 SET @saved_cs_client      = @@character_set_client */ ;
/*!50003 SET @saved_cs_results     = @@character_set_results */ ;
/*!50003 SET @saved_col_connection = @@collation_connection */ ;
/*!50003 SET character_set_client  = utf8mb4 */ ;
/*!50003 SET character_set_results = utf8mb4 */ ;
/*!50003 SET collation_connection  = utf8mb4_0900_ai_ci */ ;
/*!50003 SET @saved_sql_mode       = @@sql_mode */ ;
/*!50003 SET sql_mode              = 'ONLY_FULL_GROUP_BY,STRICT_TRANS_TABLES,NO_ZERO_IN_DATE,NO_ZERO_DATE,ERROR_FOR_DIVISION_BY_ZERO,NO_ENGINE_SUBSTITUTION' */ ;
DELIMITER ;;
/*!50003 CREATE*/ /*!50017 DEFINER=`root`@`localhost`*/ /*!50003 TRIGGER `acc_fill` BEFORE INSERT ON `transactions` FOR EACH ROW BEGIN
		IF ((SELECT EXISTS(SELECT * FROM accounts a WHERE a.id = NEW.acc_debet)) + (SELECT EXISTS(SELECT * FROM accounts a WHERE a.id = NEW.acc_credit)) ) < 2 -- проверка на наличие счетов
			THEN -- если счета нет - выполнение триггера и самой операции прервется и выскочит ошибка
				SIGNAL SQLSTATE '45000' SET MESSAGE_TEXT = 'Прежде чем работать со счетом в проводке, его сначала требуется создать!';
		END IF;
		IF (SELECT acc_type FROM accounts_info WHERE acc_id = NEW.acc_debet) = 1 -- проверка является ли  счет по дебету активным
			THEN -- увеличиваем остаток по дебету (счет активный)
				UPDATE accounts SET acc_val = acc_val + NEW.val WHERE id = NEW.acc_debet;
			ELSE -- иначе уменьшаем остаток по дебету (счет пассивный)
				UPDATE accounts SET acc_val = acc_val - NEW.val WHERE id = NEW.acc_debet; 
		END IF;
		IF (SELECT acc_type FROM accounts_info WHERE acc_id = NEW.acc_credit) = 1 -- проверка является ли  счет по кредиту активным
			THEN -- уменьшаем остаток по кредиту (счет активный)
				UPDATE accounts SET acc_val = acc_val - NEW.val WHERE id = NEW.acc_credit;
			ELSE -- иначе увеличиваем остаток по кредиту (счет пассивный)
				UPDATE accounts SET acc_val = acc_val + NEW.val WHERE id = NEW.acc_credit;
		END IF;
	END */;;
DELIMITER ;
/*!50003 SET sql_mode              = @saved_sql_mode */ ;
/*!50003 SET character_set_client  = @saved_cs_client */ ;
/*!50003 SET character_set_results = @saved_cs_results */ ;
/*!50003 SET collation_connection  = @saved_col_connection */ ;

--
-- Table structure for table `transactions_info`
--

DROP TABLE IF EXISTS `transactions_info`;
/*!40101 SET @saved_cs_client     = @@character_set_client */;
/*!50503 SET character_set_client = utf8mb4 */;
CREATE TABLE `transactions_info` (
  `id` bigint unsigned NOT NULL AUTO_INCREMENT,
  `transaction_id` bigint unsigned DEFAULT NULL COMMENT 'Связь по транзакции',
  `description` varchar(255) DEFAULT NULL COMMENT 'Содержание транзакции',
  `worker_id` smallint unsigned DEFAULT NULL COMMENT 'Ответственный бухгалтер',
  `created_at` datetime DEFAULT NULL,
  PRIMARY KEY (`id`)
) ENGINE=ARCHIVE AUTO_INCREMENT=467 DEFAULT CHARSET=utf8mb4 COLLATE=utf8mb4_0900_ai_ci;
/*!40101 SET character_set_client = @saved_cs_client */;

--
-- Dumping data for table `transactions_info`
--

LOCK TABLES `transactions_info` WRITE;
/*!40000 ALTER TABLE `transactions_info` DISABLE KEYS */;
INSERT INTO `transactions_info` VALUES (1,1,'Начисление процентов',80,'2014-02-20 00:00:00'),(2,2,'Начисление процентов',62,'2010-07-20 02:00:00'),(3,3,'Начисление процентов',85,'2021-07-20 01:00:00'),(4,4,'Начисление процентов',71,'2006-01-20 00:00:00'),(5,5,'Начисление процентов',88,'2017-09-20 01:00:00'),(6,6,'Начисление процентов',65,'2021-06-20 02:00:00'),(7,7,'Начисление процентов',97,'2016-03-20 02:00:00'),(8,8,'Начисление процентов',91,'2008-07-20 02:00:00'),(9,9,'Начисление процентов',56,'2011-06-20 00:00:00'),(10,10,'Начисление процентов',98,'2025-05-20 02:00:00'),(11,11,'Начисление процентов',64,'2003-12-20 00:00:00'),(12,12,'Начисление процентов',97,'2011-04-20 01:00:00'),(13,13,'Начисление процентов',89,'2029-09-20 00:00:00'),(14,14,'Начисление процентов',98,'2008-10-20 01:00:00'),(15,15,'Начисление процентов',85,'2012-05-20 00:00:00'),(16,16,'Начисление процентов',65,'2022-04-20 02:00:00'),(17,17,'Начисление процентов',100,'2013-02-20 00:00:00'),(18,18,'Начисление процентов',80,'2008-10-20 01:00:00'),(19,19,'Начисление процентов',73,'2006-03-20 00:00:00'),(20,20,'Начисление процентов',88,'2013-05-20 02:00:00'),(21,21,'Начисление процентов',76,'2023-04-20 00:00:00'),(22,22,'Начисление процентов',91,'2012-01-20 00:00:00'),(23,23,'Начисление процентов',99,'2007-08-20 00:00:00'),(24,24,'Начисление процентов',93,'2014-03-20 02:00:00'),(25,25,'Начисление процентов',53,'2021-06-20 02:00:00'),(26,26,'Начисление процентов',82,'2017-02-20 00:00:00'),(27,27,'Начисление процентов',77,'2004-07-20 00:00:00'),(28,28,'Начисление процентов',80,'2026-06-20 02:00:00'),(29,29,'Начисление процентов',68,'2029-05-20 00:00:00'),(30,30,'Начисление процентов',60,'2002-01-20 02:00:00'),(31,31,'Формирование резерва по процентам',79,'2015-10-20 01:00:00'),(32,32,'Формирование резерва по процентам',88,'2029-04-20 02:00:00'),(33,33,'Формирование резерва по процентам',73,'2018-06-20 00:00:00'),(34,34,'Формирование резерва по процентам',74,'2027-12-20 01:00:00'),(35,35,'Формирование резерва по процентам',97,'2027-07-20 01:00:00'),(36,36,'Формирование резерва по процентам',53,'2016-08-20 02:00:00'),(37,37,'Формирование резерва по процентам',67,'2008-02-20 00:00:00'),(38,38,'Формирование резерва по процентам',74,'2016-08-20 00:00:00'),(39,39,'Формирование резерва по процентам',77,'2021-01-20 02:00:00'),(40,40,'Формирование резерва по процентам',58,'2007-06-20 01:00:00'),(41,41,'Формирование резерва по процентам',80,'2023-01-20 01:00:00'),(42,42,'Формирование резерва по процентам',69,'2003-05-20 02:00:00'),(43,43,'Формирование резерва по процентам',85,'2030-01-20 02:00:00'),(44,44,'Формирование резерва по процентам',72,'2017-12-20 01:00:00'),(45,45,'Формирование резерва по процентам',88,'2025-12-20 01:00:00'),(46,46,'Формирование резерва по процентам',82,'2017-09-20 00:00:00'),(47,47,'Формирование резерва по процентам',58,'2009-05-20 00:00:00'),(48,48,'Формирование резерва по процентам',95,'2029-09-20 01:00:00'),(49,49,'Формирование резерва по процентам',71,'2005-03-20 02:00:00'),(50,50,'Формирование резерва по процентам',56,'2002-01-20 02:00:00'),(51,51,'Формирование резерва по процентам',75,'2002-07-20 00:00:00'),(52,52,'Формирование резерва по процентам',79,'2004-12-20 01:00:00'),(53,53,'Формирование резерва по процентам',96,'2017-02-20 02:00:00'),(54,54,'Формирование резерва по процентам',53,'2004-07-20 02:00:00'),(55,55,'Формирование резерва по процентам',79,'2028-08-20 00:00:00'),(56,56,'Формирование резерва по процентам',97,'2028-04-20 01:00:00'),(57,57,'Формирование резерва по процентам',93,'2005-04-20 01:00:00'),(58,58,'Формирование резерва по процентам',64,'2030-04-20 01:00:00'),(59,59,'Формирование резерва по процентам',81,'2018-06-20 01:00:00'),(60,60,'Формирование резерва по процентам',91,'2011-03-20 01:00:00'),(61,61,'Формирование резерва по процентам',93,'2026-01-20 02:00:00'),(62,62,'Формирование резерва по процентам',63,'2012-02-20 00:00:00'),(63,63,'Формирование резерва по процентам',78,'2025-09-20 02:00:00'),(64,64,'Формирование резерва по процентам',57,'2018-11-20 00:00:00'),(65,65,'Формирование резерва по долгу',66,'2019-04-20 01:00:00'),(66,66,'Формирование резерва по долгу',69,'2029-01-20 00:00:00'),(67,67,'Формирование резерва по долгу',90,'2029-04-20 00:00:00'),(68,68,'Формирование резерва по долгу',81,'2024-06-20 01:00:00'),(69,69,'Формирование резерва по долгу',53,'2009-02-20 01:00:00'),(70,70,'Формирование резерва по долгу',66,'2024-01-20 00:00:00'),(71,71,'Формирование резерва по долгу',64,'2022-12-20 00:00:00'),(72,72,'Формирование резерва по долгу',72,'2021-06-20 01:00:00'),(73,73,'Формирование резерва по долгу',53,'2025-04-20 01:00:00'),(74,74,'Формирование резерва по долгу',66,'2015-05-20 01:00:00'),(75,75,'Формирование резерва по долгу',81,'2022-10-20 00:00:00'),(76,76,'Формирование резерва по долгу',70,'2005-05-20 01:00:00'),(77,77,'Формирование резерва по долгу',95,'2019-11-20 01:00:00'),(78,78,'Формирование резерва по долгу',88,'2009-08-20 00:00:00'),(79,79,'Формирование резерва по долгу',88,'2006-06-20 01:00:00'),(80,80,'Формирование резерва по долгу',94,'2016-10-20 01:00:00'),(81,81,'Формирование резерва по долгу',66,'2003-05-20 01:00:00'),(82,82,'Формирование резерва по долгу',69,'2022-04-20 01:00:00'),(83,83,'Формирование резерва по долгу',62,'2023-08-20 02:00:00'),(84,84,'Формирование резерва по долгу',88,'2026-08-20 02:00:00'),(85,85,'Формирование резерва по долгу',99,'2016-11-20 00:00:00'),(86,86,'Формирование резерва по долгу',54,'2001-03-20 01:00:00'),(87,87,'Формирование резерва по долгу',74,'2019-06-20 00:00:00'),(88,88,'Формирование резерва по долгу',53,'2012-02-20 00:00:00'),(89,89,'Формирование резерва по долгу',60,'2002-03-20 01:00:00'),(90,90,'Формирование резерва по долгу',57,'2014-12-20 00:00:00'),(91,91,'Формирование резерва по долгу',61,'2002-02-20 01:00:00'),(92,92,'Формирование резерва по долгу',82,'2031-01-20 01:00:00'),(93,93,'Формирование резерва по долгу',67,'2006-03-20 00:00:00'),(94,94,'Формирование резерва по долгу',61,'2008-06-20 01:00:00'),(95,95,'Формирование резерва по долгу',66,'2021-11-20 01:00:00'),(96,96,'Формирование резерва по долгу',64,'2025-10-20 01:00:00'),(97,97,'Формирование резерва по долгу',76,'2024-08-20 02:00:00'),(98,98,'Формирование резерва по долгу',78,'2015-09-20 02:00:00'),(99,99,'Формирование резерва по долгу',77,'2025-01-20 00:00:00'),(100,100,'Формирование резерва по долгу',69,'2028-08-20 02:00:00'),(101,101,'Формирование резерва по долгу',65,'2003-04-20 00:00:00'),(102,102,'Формирование резерва по долгу',68,'2001-12-20 01:00:00'),(103,103,'Формирование резерва по долгу',87,'2031-07-20 00:00:00'),(104,104,'Формирование резерва по долгу',54,'2029-10-20 01:00:00'),(105,105,'Формирование резерва по долгу',73,'2030-04-20 01:00:00'),(106,106,'Формирование резерва по долгу',86,'2014-08-20 01:00:00'),(107,107,'Формирование резерва по долгу',66,'2028-07-20 00:00:00'),(108,108,'Формирование резерва по долгу',59,'2024-04-20 02:00:00'),(109,109,'Формирование резерва по долгу',84,'2029-07-20 00:00:00'),(110,110,'Формирование резерва по долгу',52,'2013-04-20 02:00:00'),(111,111,'Формирование резерва по долгу',91,'2009-05-20 01:00:00'),(112,112,'Формирование резерва по долгу',81,'2005-11-20 01:00:00'),(113,113,'Формирование резерва по долгу',97,'2030-01-20 00:00:00'),(114,114,'Формирование резерва по долгу',92,'2021-05-20 01:00:00'),(115,115,'Формирование резерва по долгу',82,'2007-07-20 00:00:00'),(116,116,'Формирование резерва по долгу',58,'2009-07-20 01:00:00'),(117,117,'Формирование резерва по долгу',68,'2010-09-20 01:00:00'),(118,118,'Формирование резерва по долгу',71,'2009-02-20 00:00:00'),(119,119,'Формирование резерва по долгу',96,'2005-08-20 01:00:00'),(120,120,'Формирование резерва по долгу',64,'2030-04-20 00:00:00'),(121,121,'Формирование резерва по долгу',56,'2006-05-20 01:00:00'),(122,122,'Формирование резерва по долгу',66,'2020-06-20 02:00:00'),(123,123,'Формирование резерва по долгу',52,'2022-10-20 01:00:00'),(124,124,'Формирование резерва по долгу',99,'2025-05-20 01:00:00'),(125,125,'Формирование резерва по долгу',74,'2029-04-20 00:00:00'),(126,126,'Формирование резерва по долгу',56,'2019-05-20 02:00:00'),(127,127,'Формирование резерва по долгу',84,'2004-05-20 00:00:00'),(128,128,'Формирование резерва по долгу',51,'2001-03-20 00:00:00'),(129,129,'Формирование резерва по долгу',65,'2019-11-20 00:00:00'),(130,130,'Формирование резерва по долгу',96,'2014-04-20 00:00:00'),(131,131,'Формирование резерва по долгу',89,'2027-03-20 02:00:00'),(132,132,'Формирование резерва по долгу',81,'2004-08-20 02:00:00'),(133,133,'Формирование резерва по долгу',76,'2020-06-20 02:00:00'),(134,134,'Формирование резерва по долгу',66,'2016-02-20 02:00:00'),(135,135,'Формирование резерва по долгу',74,'2027-02-20 01:00:00'),(136,136,'Формирование резерва по долгу',79,'2031-12-20 00:00:00'),(137,137,'Формирование резерва по долгу',80,'2016-06-20 00:00:00'),(138,138,'Формирование резерва по долгу',85,'2028-06-20 01:00:00'),(139,139,'Формирование резерва по долгу',73,'2028-02-20 00:00:00'),(140,140,'Формирование резерва по долгу',84,'2017-04-20 00:00:00'),(141,141,'Формирование резерва по долгу',68,'2018-01-20 01:00:00'),(142,142,'Формирование резерва по долгу',99,'2008-11-20 01:00:00'),(143,143,'Формирование резерва по долгу',78,'2031-08-20 00:00:00'),(144,144,'Формирование резерва по долгу',51,'2002-07-20 02:00:00'),(145,145,'Формирование резерва по долгу',86,'2013-01-20 01:00:00'),(146,146,'Формирование резерва по долгу',92,'2030-07-20 02:00:00'),(147,147,'Формирование резерва по долгу',66,'2008-10-20 00:00:00'),(148,148,'Формирование резерва по долгу',55,'2008-02-20 01:00:00'),(149,149,'Формирование резерва по долгу',94,'2015-03-20 00:00:00'),(150,150,'Формирование резерва по долгу',58,'2016-08-20 01:00:00'),(151,151,'Формирование резерва по долгу',58,'2027-11-20 00:00:00'),(152,152,'Формирование резерва по долгу',80,'2027-07-20 00:00:00'),(153,153,'Формирование резерва по долгу',82,'2008-01-20 00:00:00'),(154,154,'Формирование резерва по долгу',53,'2017-01-20 02:00:00'),(155,155,'Формирование резерва по долгу',98,'2024-04-20 00:00:00'),(156,156,'Формирование резерва по долгу',82,'2014-05-20 01:00:00'),(157,157,'Формирование резерва по долгу',59,'2027-01-20 00:00:00'),(158,158,'Формирование резерва по долгу',96,'2003-06-20 01:00:00'),(159,159,'Формирование резерва по долгу',74,'2004-04-20 01:00:00'),(160,160,'Формирование резерва по долгу',61,'2020-07-20 02:00:00'),(161,161,'Формирование резерва по долгу',64,'2009-08-20 01:00:00'),(162,162,'Формирование резерва по долгу',86,'2025-06-20 00:00:00'),(163,163,'Формирование резерва по долгу',100,'2006-09-20 00:00:00'),(164,164,'Формирование резерва по долгу',83,'2010-06-20 02:00:00'),(165,165,'Формирование резерва по долгу',75,'2016-10-20 00:00:00'),(166,166,'Формирование резерва по долгу',89,'2013-09-20 02:00:00'),(167,167,'Формирование резерва по долгу',86,'2027-07-20 02:00:00'),(168,168,'Формирование резерва по долгу',59,'2001-08-20 01:00:00'),(169,169,'Формирование резерва по долгу',89,'2009-05-20 01:00:00'),(170,170,'Формирование резерва по долгу',76,'2022-07-20 00:00:00'),(171,171,'Формирование резерва по долгу',99,'2004-07-20 00:00:00'),(172,172,'Формирование резерва по долгу',59,'2004-05-20 02:00:00'),(173,173,'Формирование резерва по долгу',64,'2001-06-20 01:00:00'),(174,174,'Формирование резерва по долгу',91,'2018-03-20 02:00:00'),(175,175,'Формирование резерва по долгу',70,'2002-09-20 02:00:00'),(176,176,'Формирование резерва по долгу',91,'2026-04-20 00:00:00'),(177,177,'Формирование резерва по долгу',89,'2018-01-20 02:00:00'),(178,178,'Формирование резерва по долгу',64,'2006-03-20 02:00:00'),(179,179,'Формирование резерва по долгу',75,'2020-05-20 01:00:00'),(180,180,'Формирование резерва по долгу',61,'2009-09-20 00:00:00'),(181,181,'Формирование резерва по долгу',92,'2022-03-20 00:00:00'),(182,182,'Формирование резерва по долгу',89,'2014-08-20 01:00:00'),(183,183,'Формирование резерва по долгу',84,'2027-02-20 01:00:00'),(184,184,'Формирование резерва по долгу',93,'2016-06-20 00:00:00'),(185,185,'Формирование резерва по долгу',88,'2004-05-20 00:00:00'),(186,186,'Формирование резерва по долгу',99,'2020-09-20 00:00:00'),(187,187,'Формирование резерва по долгу',66,'2007-05-20 00:00:00'),(188,188,'Формирование резерва по долгу',59,'2014-11-20 00:00:00'),(189,189,'Формирование резерва по долгу',85,'2011-07-20 01:00:00'),(190,190,'Формирование резерва по долгу',64,'2021-01-20 01:00:00'),(191,191,'Формирование резерва по долгу',53,'2014-05-20 02:00:00'),(192,192,'Формирование резерва по долгу',52,'2013-08-20 02:00:00'),(193,193,'Выдача кредита',91,'2018-08-20 01:00:00'),(194,194,'Выдача кредита',91,'2028-04-20 00:00:00'),(195,195,'Выдача кредита',66,'2012-08-20 01:00:00'),(196,196,'Выдача кредита',54,'2011-07-20 02:00:00'),(197,197,'Выдача кредита',66,'2003-11-20 00:00:00'),(198,198,'Выдача кредита',52,'2019-06-20 01:00:00'),(199,199,'Выдача кредита',59,'2015-08-20 01:00:00'),(200,200,'Выдача кредита',96,'2011-04-20 00:00:00'),(201,201,'Выдача кредита',65,'2025-11-20 00:00:00'),(202,202,'Выдача кредита',56,'2007-05-20 00:00:00'),(203,203,'Выдача кредита',67,'2023-05-20 02:00:00'),(204,204,'Выдача кредита',87,'2011-09-20 01:00:00'),(205,205,'Выдача кредита',90,'2016-02-20 02:00:00'),(206,206,'Выдача кредита',71,'2005-01-20 01:00:00'),(207,207,'Выдача кредита',80,'2017-09-20 02:00:00'),(208,208,'Выдача кредита',92,'2026-03-20 01:00:00'),(209,209,'Выдача кредита',95,'2024-08-20 02:00:00'),(210,210,'Выдача кредита',78,'2011-06-20 01:00:00'),(211,211,'Выдача кредита',51,'2031-12-20 00:00:00'),(212,212,'Выдача кредита',56,'2002-04-20 02:00:00'),(213,213,'Выдача кредита',89,'2006-06-20 01:00:00'),(214,214,'Выдача кредита',92,'2016-05-20 00:00:00'),(215,215,'Выдача кредита',51,'2001-06-20 00:00:00'),(216,216,'Выдача кредита',86,'2013-01-20 02:00:00'),(217,217,'Выдача кредита',93,'2025-09-20 02:00:00'),(218,218,'Выдача кредита',85,'2031-10-20 00:00:00'),(219,219,'Выдача кредита',90,'2008-08-20 02:00:00'),(220,220,'Выдача кредита',88,'2027-02-20 01:00:00'),(221,221,'Выдача кредита',83,'2024-08-20 02:00:00'),(222,222,'Выдача кредита',76,'2021-11-20 01:00:00'),(223,223,'Выдача кредита',96,'2028-06-20 01:00:00'),(224,224,'Выдача кредита',78,'2027-04-20 01:00:00'),(225,225,'Выдача кредита',73,'2023-05-20 01:00:00'),(226,226,'Выдача кредита',99,'2024-01-20 01:00:00'),(227,227,'Выдача кредита',53,'2027-08-20 00:00:00'),(228,228,'Выдача кредита',54,'2005-07-20 00:00:00'),(229,229,'Выдача кредита',53,'2029-07-20 01:00:00'),(230,230,'Выдача кредита',84,'2011-01-20 00:00:00'),(231,231,'Выдача кредита',96,'2008-07-20 00:00:00'),(232,232,'Выдача кредита',85,'2017-03-20 02:00:00'),(233,233,'Выдача кредита',73,'2020-12-20 00:00:00'),(234,234,'Выдача кредита',97,'2023-06-20 02:00:00'),(235,235,'Выдача кредита',95,'2009-12-20 00:00:00'),(236,236,'Выдача кредита',94,'2021-12-20 01:00:00'),(237,237,'Выдача кредита',84,'2010-08-20 00:00:00'),(238,238,'Выдача кредита',81,'2003-03-20 02:00:00'),(239,239,'Выдача кредита',90,'2018-11-20 01:00:00'),(240,240,'Выдача кредита',56,'2022-03-20 00:00:00'),(241,241,'Выдача кредита',86,'2021-03-20 02:00:00'),(242,242,'Выдача кредита',74,'2026-04-20 01:00:00'),(243,243,'Выдача кредита',93,'2027-11-20 01:00:00'),(244,244,'Выдача кредита',62,'2025-02-20 01:00:00'),(245,245,'Выдача кредита',63,'2012-09-20 01:00:00'),(246,246,'Выдача кредита',74,'2013-05-20 02:00:00'),(247,247,'Выдача кредита',66,'2018-05-20 00:00:00'),(248,248,'Выдача кредита',77,'2024-01-20 02:00:00'),(249,249,'Выдача кредита',99,'2004-02-20 02:00:00'),(250,250,'Выдача кредита',94,'2028-09-20 00:00:00'),(251,251,'Выдача кредита',78,'2029-04-20 00:00:00'),(252,252,'Выдача кредита',91,'2007-01-20 02:00:00'),(253,253,'Выдача кредита',74,'2011-03-20 00:00:00'),(254,254,'Выдача кредита',90,'2022-12-20 00:00:00'),(255,255,'Выдача кредита',99,'2005-07-20 01:00:00'),(256,256,'Выдача кредита',98,'2005-02-20 00:00:00'),(257,257,'Выдача кредита',81,'2009-02-20 01:00:00'),(258,258,'Выдача кредита',86,'2003-08-20 00:00:00'),(259,259,'Выдача кредита',94,'2025-11-20 01:00:00'),(260,260,'Выдача кредита',81,'2026-01-20 02:00:00'),(261,261,'Выдача кредита',99,'2020-04-20 00:00:00'),(262,262,'Выдача кредита',99,'2020-04-20 02:00:00'),(263,263,'Выдача кредита',79,'2008-02-20 01:00:00'),(264,264,'Выдача кредита',89,'2010-03-20 02:00:00'),(265,265,'Выдача кредита',53,'2008-01-20 02:00:00'),(266,266,'Выдача кредита',69,'2022-10-20 00:00:00'),(267,267,'Выдача кредита',60,'2028-01-20 00:00:00'),(268,268,'Выдача кредита',100,'2006-05-20 02:00:00'),(269,269,'Выдача кредита',80,'2009-03-20 00:00:00'),(270,270,'Выдача кредита',66,'2024-10-20 00:00:00'),(271,271,'Выдача кредита',69,'2018-01-20 02:00:00'),(272,272,'Выдача кредита',97,'2020-08-20 02:00:00'),(273,273,'Выдача кредита',85,'2013-01-20 00:00:00'),(274,274,'Выдача кредита',66,'2027-05-20 01:00:00'),(275,275,'Выдача кредита',64,'2016-12-20 01:00:00'),(276,276,'Выдача кредита',100,'2008-02-20 02:00:00'),(277,277,'Выдача кредита',55,'2029-12-20 00:00:00'),(278,278,'Выдача кредита',55,'2016-04-20 00:00:00'),(279,279,'Выдача кредита',95,'2031-05-20 01:00:00'),(280,280,'Выдача кредита',88,'2011-03-20 00:00:00'),(281,281,'Выдача кредита',68,'2017-03-20 00:00:00'),(282,282,'Выдача кредита',64,'2002-04-20 01:00:00'),(283,283,'Выдача кредита',67,'2014-10-20 01:00:00'),(284,284,'Выдача кредита',92,'2006-06-20 02:00:00'),(285,285,'Выдача кредита',92,'2018-04-20 01:00:00'),(286,286,'Выдача кредита',89,'2030-07-20 01:00:00'),(287,287,'Выдача кредита',72,'2018-04-20 02:00:00'),(288,288,'Выдача кредита',59,'2013-09-20 01:00:00'),(289,289,'Выдача кредита',57,'2031-01-20 02:00:00'),(290,290,'Выдача кредита',87,'2023-02-20 00:00:00'),(291,291,'Выдача кредита',59,'2017-04-20 01:00:00'),(292,292,'Выдача кредита',54,'2031-07-20 00:00:00'),(293,293,'Выдача кредита',62,'2017-06-20 02:00:00'),(294,294,'Выдача кредита',92,'2011-07-20 00:00:00'),(295,295,'Выдача кредита',79,'2005-04-20 02:00:00'),(296,296,'Выдача кредита',84,'2010-01-20 01:00:00'),(297,297,'Выдача кредита',62,'2016-03-20 00:00:00'),(298,298,'Выдача кредита',98,'2018-11-20 00:00:00'),(299,299,'Выдача кредита',87,'2008-07-20 02:00:00'),(300,300,'Выдача кредита',70,'2015-05-20 00:00:00'),(301,301,'Выдача кредита',97,'2019-12-20 01:00:00'),(302,302,'Выдача кредита',78,'2013-06-20 02:00:00'),(303,303,'Выдача кредита',79,'2001-02-20 00:00:00'),(304,304,'Выдача кредита',99,'2029-09-20 01:00:00'),(305,305,'Выдача кредита',97,'2005-03-20 00:00:00'),(306,306,'Выдача кредита',65,'2022-05-20 01:00:00'),(307,307,'Выдача кредита',69,'2022-03-20 00:00:00'),(308,308,'Выдача кредита',71,'2008-02-20 01:00:00'),(309,309,'Выдача кредита',91,'2012-06-20 02:00:00'),(310,310,'Выдача кредита',80,'2007-09-20 02:00:00'),(311,311,'Выдача кредита',77,'2011-11-20 00:00:00'),(312,312,'Выдача кредита',69,'2008-05-20 02:00:00'),(313,313,'Выдача кредита',73,'2025-02-20 01:00:00'),(314,314,'Выдача кредита',90,'2030-01-20 01:00:00'),(315,315,'Выдача кредита',83,'2007-05-20 00:00:00'),(316,316,'Выдача кредита',96,'2012-05-20 01:00:00'),(317,317,'Выдача кредита',61,'2020-08-20 02:00:00'),(318,318,'Выдача кредита',96,'2006-06-20 01:00:00'),(319,319,'Выдача кредита',56,'2006-12-20 00:00:00'),(320,320,'Выдача кредита',100,'2017-07-20 02:00:00'),(321,321,'Выдача кредита',70,'2017-08-20 02:00:00'),(322,322,'Выдача кредита',73,'2009-09-20 02:00:00'),(323,323,'Выдача кредита',95,'2001-05-20 01:00:00'),(324,324,'Выдача кредита',68,'2022-09-20 02:00:00'),(325,325,'Выдача кредита',93,'2030-01-20 02:00:00'),(326,326,'Выдача кредита',69,'2014-06-20 01:00:00'),(327,327,'Выдача кредита',98,'2025-01-20 02:00:00'),(328,328,'Выдача кредита',67,'2007-09-20 00:00:00'),(329,329,'Выдача кредита',80,'2020-01-20 01:00:00'),(330,330,'Выдача кредита',61,'2024-02-20 02:00:00'),(331,331,'Выдача кредита',100,'2029-07-20 00:00:00'),(332,332,'Выдача кредита',80,'2006-03-20 00:00:00'),(333,333,'Выдача кредита',81,'2018-05-20 02:00:00'),(334,334,'Выдача кредита',98,'2004-05-20 00:00:00'),(335,335,'Выдача кредита',59,'2027-07-20 02:00:00'),(336,336,'Выдача кредита',94,'2007-01-20 00:00:00'),(337,337,'Выдача кредита',98,'2007-12-20 00:00:00'),(338,338,'Выдача кредита',58,'2029-11-20 01:00:00'),(339,339,'Выдача кредита',70,'2022-06-20 00:00:00'),(340,340,'Выдача кредита',97,'2013-05-20 01:00:00'),(341,341,'Выдача кредита',63,'2010-09-20 01:00:00'),(342,342,'Выдача кредита',78,'2030-08-20 01:00:00'),(343,343,'Выдача кредита',56,'2015-10-20 00:00:00'),(344,344,'Выдача кредита',65,'2002-04-20 01:00:00'),(345,345,'Выдача кредита',66,'2009-04-20 00:00:00'),(346,346,'Учет обеспечения',53,'2027-05-20 01:00:00'),(347,347,'Учет обеспечения',79,'2003-01-20 00:00:00'),(348,348,'Учет обеспечения',59,'2027-06-20 02:00:00'),(349,349,'Учет обеспечения',78,'2014-02-20 00:00:00'),(350,350,'Учет обеспечения',56,'2001-06-20 01:00:00'),(351,351,'Учет обеспечения',82,'2020-07-20 00:00:00'),(352,352,'Учет обеспечения',92,'2015-08-20 01:00:00'),(353,353,'Учет обеспечения',69,'2014-04-20 02:00:00'),(354,354,'Учет обеспечения',99,'2023-06-20 01:00:00'),(355,355,'Учет обеспечения',83,'2025-11-20 01:00:00'),(356,356,'Учет обеспечения',99,'2014-03-20 00:00:00'),(357,357,'Учет обеспечения',89,'2024-11-20 00:00:00'),(358,358,'Учет обеспечения',54,'2031-08-20 00:00:00'),(359,359,'Учет обеспечения',77,'2008-06-20 01:00:00'),(360,360,'Учет обеспечения',95,'2001-06-20 02:00:00'),(361,361,'Учет обеспечения',89,'2020-06-20 02:00:00'),(362,362,'Учет обеспечения',97,'2013-09-20 00:00:00'),(363,363,'Учет обеспечения',70,'2013-08-20 01:00:00'),(364,364,'Учет обеспечения',89,'2003-03-20 02:00:00'),(365,365,'Учет обеспечения',59,'2012-07-20 01:00:00'),(366,366,'Учет обеспечения',91,'2025-12-20 01:00:00'),(367,367,'Учет обеспечения',92,'2012-09-20 02:00:00'),(368,368,'Учет обеспечения',54,'2001-09-20 02:00:00'),(369,369,'Учет обеспечения',83,'2008-10-20 00:00:00'),(370,370,'Учет обеспечения',62,'2011-07-20 01:00:00'),(371,371,'Учет обеспечения',85,'2030-01-20 00:00:00'),(372,372,'Учет обеспечения',80,'2015-11-20 00:00:00'),(373,373,'Учет обеспечения',56,'2005-05-20 02:00:00'),(374,374,'Учет обеспечения',68,'2030-03-20 01:00:00'),(375,375,'Учет обеспечения',56,'2015-08-20 01:00:00'),(376,376,'Учет обеспечения',87,'2003-01-20 01:00:00'),(377,377,'Учет обеспечения',81,'2001-05-20 02:00:00'),(378,378,'Учет обеспечения',61,'2023-07-20 00:00:00'),(379,379,'Учет обеспечения',73,'2009-02-20 01:00:00'),(380,380,'Учет обеспечения',88,'2029-07-20 00:00:00'),(381,381,'Учет обеспечения',68,'2013-12-20 01:00:00'),(382,382,'Учет обеспечения',69,'2018-03-20 02:00:00'),(383,383,'Учет обеспечения',63,'2030-10-20 01:00:00'),(384,384,'Учет обеспечения',84,'2010-08-20 02:00:00'),(385,385,'Учет обеспечения',92,'2028-09-20 01:00:00'),(386,386,'Учет обеспечения',61,'2024-04-20 01:00:00'),(387,387,'Учет обеспечения',88,'2022-06-20 01:00:00'),(388,388,'Учет обеспечения',74,'2002-03-20 01:00:00'),(389,389,'Учет обеспечения',53,'2017-06-20 02:00:00'),(390,390,'Учет обеспечения',68,'2016-09-20 02:00:00'),(391,391,'Учет обеспечения',98,'2012-03-20 02:00:00'),(392,392,'Учет обеспечения',73,'2009-06-20 01:00:00'),(393,393,'Учет обеспечения',99,'2026-05-20 02:00:00'),(394,394,'Учет обеспечения',89,'2009-02-20 00:00:00'),(395,395,'Учет обеспечения',58,'2030-12-20 01:00:00'),(396,396,'Учет обеспечения',64,'2009-07-20 01:00:00'),(397,397,'Учет обеспечения',100,'2017-04-20 01:00:00'),(398,398,'Учет обеспечения',69,'2022-07-20 01:00:00'),(399,399,'Учет обеспечения',59,'2027-02-20 01:00:00'),(400,400,'Учет обеспечения',72,'2016-10-20 01:00:00'),(401,401,'Учет обеспечения',83,'2021-03-20 00:00:00'),(402,402,'Учет обеспечения',84,'2029-03-20 02:00:00'),(403,403,'Учет обеспечения',73,'2022-01-20 02:00:00'),(404,404,'Учет обеспечения',77,'2007-02-20 02:00:00'),(405,405,'Учет обеспечения',70,'2009-05-20 01:00:00'),(406,406,'Учет обеспечения',89,'2020-12-20 00:00:00'),(407,407,'Учет обеспечения',62,'2001-02-20 00:00:00'),(408,408,'Учет обеспечения',68,'2014-02-20 01:00:00'),(409,409,'Учет обеспечения',78,'2010-05-20 00:00:00'),(410,410,'Учет обеспечения',83,'2005-01-20 01:00:00'),(411,411,'Учет обеспечения',90,'2011-04-20 02:00:00'),(412,412,'Учет обеспечения',64,'2018-08-20 01:00:00'),(413,413,'Учет обеспечения',69,'2021-07-20 00:00:00'),(414,414,'Учет обеспечения',90,'2027-07-20 01:00:00'),(415,415,'Учет обеспечения',75,'2002-07-20 00:00:00'),(416,416,'Учет обеспечения',77,'2017-07-20 01:00:00'),(417,417,'Учет обеспечения',60,'2017-06-20 00:00:00'),(418,418,'Учет обеспечения',95,'2011-12-20 01:00:00'),(419,419,'Учет обеспечения',79,'2003-01-20 01:00:00'),(420,420,'Учет обеспечения',71,'2012-06-20 01:00:00'),(421,421,'Учет обеспечения',68,'2023-11-20 01:00:00'),(422,422,'Учет обеспечения',90,'2020-01-20 02:00:00'),(423,423,'Учет обеспечения',80,'2014-07-20 01:00:00'),(424,424,'Учет обеспечения',72,'2011-11-20 00:00:00'),(425,425,'Учет обеспечения',51,'2014-04-20 02:00:00'),(426,426,'Учет обеспечения',97,'2001-07-20 01:00:00'),(427,427,'Учет обеспечения',51,'2019-04-20 01:00:00'),(428,428,'Учет обеспечения',77,'2001-03-20 01:00:00'),(429,429,'Учет обеспечения',81,'2023-11-20 00:00:00'),(430,430,'Учет обеспечения',83,'2023-11-20 01:00:00'),(431,431,'Учет обеспечения',81,'2012-04-20 00:00:00'),(432,432,'Учет обеспечения',87,'2019-09-20 00:00:00'),(433,433,'Учет обеспечения',80,'2011-04-20 01:00:00'),(434,434,'Учет обеспечения',96,'2010-07-20 02:00:00'),(435,435,'Учет обеспечения',89,'2022-07-20 00:00:00'),(436,436,'Учет обеспечения',93,'2019-08-20 02:00:00'),(437,437,'Учет обеспечения',59,'2010-09-20 02:00:00'),(438,438,'Учет обеспечения',58,'2015-08-20 01:00:00'),(439,439,'Учет обеспечения',87,'2017-09-20 02:00:00'),(440,440,'Учет обеспечения',52,'2031-01-20 02:00:00'),(441,441,'Учет обеспечения',92,'2025-09-20 00:00:00'),(442,442,'Учет обеспечения',91,'2007-10-20 01:00:00'),(443,443,'Учет обеспечения',75,'2022-08-20 01:00:00'),(444,444,'Учет обеспечения',58,'2029-09-20 01:00:00'),(445,445,'Учет обеспечения',91,'2023-09-20 02:00:00'),(446,446,'Учет обеспечения',60,'2018-08-20 00:00:00'),(447,447,'Учет обеспечения',63,'2006-06-20 02:00:00'),(448,448,'Учет обеспечения',60,'2010-03-20 00:00:00'),(449,449,'Учет обеспечения',73,'2011-05-20 02:00:00'),(450,450,'Учет обеспечения',95,'2011-04-20 02:00:00'),(451,451,'Учет обеспечения',73,'2006-02-20 01:00:00'),(452,452,'Учет обеспечения',77,'2019-02-20 00:00:00'),(453,453,'Учет обеспечения',78,'2027-12-20 00:00:00'),(454,454,'Учет обеспечения',57,'2015-05-20 02:00:00'),(455,455,'Учет обеспечения',87,'2022-03-20 01:00:00'),(456,456,'Учет обеспечения',52,'2025-04-20 02:00:00'),(457,457,'Учет обеспечения',95,'2020-04-20 01:00:00'),(458,458,'Учет обеспечения',100,'2023-03-20 00:00:00'),(459,459,'Учет обеспечения',89,'2030-08-20 01:00:00'),(460,460,'Учет обеспечения',79,'2021-02-20 02:00:00'),(461,461,'Учет обеспечения',79,'2007-11-20 01:00:00'),(462,462,NULL,NULL,NULL),(463,NULL,NULL,NULL,'2020-06-11 00:09:26'),(464,NULL,'Вынесение на просрочку',55,NULL),(465,465,'Вынесение на просрочку',55,'2020-06-11 00:16:40'),(466,466,'Вынесение на просрочку',55,'2020-06-11 00:22:29');
/*!40000 ALTER TABLE `transactions_info` ENABLE KEYS */;
UNLOCK TABLES;

--
-- Table structure for table `workers`
--

DROP TABLE IF EXISTS `workers`;
/*!40101 SET @saved_cs_client     = @@character_set_client */;
/*!50503 SET character_set_client = utf8mb4 */;
CREATE TABLE `workers` (
  `id` smallint unsigned NOT NULL AUTO_INCREMENT,
  `name` varchar(255) DEFAULT NULL COMMENT 'Имя',
  `surname` varchar(255) DEFAULT NULL COMMENT 'Фамилия',
  `grade` varchar(255) DEFAULT NULL COMMENT 'Должность',
  `branch_id` tinyint unsigned DEFAULT NULL COMMENT 'Департамент',
  PRIMARY KEY (`id`),
  KEY `workers_departments_branch_id_fk` (`branch_id`),
  CONSTRAINT `workers_departments_branch_id_fk` FOREIGN KEY (`branch_id`) REFERENCES `departments` (`id`)
) ENGINE=InnoDB AUTO_INCREMENT=101 DEFAULT CHARSET=utf8mb4 COLLATE=utf8mb4_0900_ai_ci;
/*!40101 SET character_set_client = @saved_cs_client */;

--
-- Dumping data for table `workers`
--

LOCK TABLES `workers` WRITE;
/*!40000 ALTER TABLE `workers` DISABLE KEYS */;
INSERT INTO `workers` VALUES (1,'иван','ivanov','CEO',3),(2,'маруся','donnie','экономист',1),(3,'ильюха','hailey','экономист',1),(4,'кузьма','kristi','экономист',1),(5,'витяхя','aliyah','экономист',1),(6,'евгеша','indira','экономист',1),(7,'витаня','bladen','экономист',1),(8,'кирюха','damien','ведущий экономист',1),(9,'манюня','alyssa','ведущий экономист',1),(10,'дуняха','fergal','ведущий экономист',1),(11,'емилия','brevyn','ведущий экономист',1),(12,'любава','graham','ведущий экономист',1),(13,'варюся','abriel','ведущий экономист',1),(14,'матфий','george','ведущий экономист',1),(15,'антоха','brigid','ведущий экономист',1),(16,'герман','jimmie','ведущий экономист',1),(17,'марюша','ayesha','ведущий экономист',1),(18,'евгеха','jordon','ведущий экономист',1),(19,'витяша','dianna','ведущий экономист',1),(20,'манюха','elisha','ведущий экономист',1),(21,'вадиша','charla','ведущий экономист',1),(22,'егорий','dwayne','ведущий экономист',1),(23,'варюта','juliet','ведущий экономист',1),(24,'боряха','annika','экономист',1),(25,'кристя','bryson','экономист',1),(26,'мариан','debora','экономист',1),(27,'вадюша','benson','экономист',1),(28,'вишута','baylor','экономист',1),(29,'генюха','emilio','экономист',1),(30,'аксюха','gannon','экономист',1),(31,'даниша','aurora','экономист',1),(32,'коташа','everly','экономист',1),(33,'евгеша','bladen','экономист',1),(34,'дарюха','finlay','экономист',1),(35,'валюха','cedric','экономист',1),(36,'емилия','damion','экономист',1),(37,'коташа','juliet','экономист',1),(38,'матфей','damien','экономист',1),(39,'дуняра','damion','экономист',1),(40,'васеня','castor','главный экономист',1),(41,'глебыч','khalil','главный экономист',1),(42,'ларуся','dahlia','главный экономист',1),(43,'леонид','howard','главный экономист',1),(44,'маруня','cormac','главный экономист',1),(45,'васюша','lennon','главный экономист',1),(46,'володя','fergal','главный экономист',1),(47,'евдоня','elicia','главный экономист',1),(48,'аннюня','amelie','главный экономист',1),(49,'людмил','isaias','главный экономист',1),(50,'любаша','callen','главный экономист',1),(51,'ладуся','denice','главный бухгалтер',2),(52,'витуся','hayden','главный экономист',2),(53,'ироида','dianne','главный экономист',2),(54,'колюся','khalid','главный экономист',2),(55,'милена','anneke','главный экономист',2),(56,'маруся','glenda','главный экономист',2),(57,'микита','khalil','главный экономист',2),(58,'гошуня','kieron','главный экономист',2),(59,'людмил','javier','главный экономист',2),(60,'козьма','alfred','главный экономист',2),(61,'ванята','finbar','главный экономист',2),(62,'машута','alexus','главный экономист',2),(63,'васеня','arlene','главный экономист',2),(64,'колюня','karson','главный экономист',2),(65,'антоша','ellery','главный экономист',2),(66,'аринка','alfred','главный экономист',2),(67,'ангеля','jazlyn','главный экономист',2),(68,'вероня','finlay','главный экономист',2),(69,'камилл','crosby','экономист',2),(70,'милетя','carson','экономист',2),(71,'лизута','indigo','экономист',2),(72,'артюша','ginnie','экономист',2),(73,'галюся','audrey','экономист',2),(74,'людуся','keisha','экономист',2),(75,'лизура','helena','экономист',2),(76,'андрон','alyson','экономист',2),(77,'дуняша','felipe','экономист',2),(78,'гошуля','donnie','экономист',2),(79,'арсюта','janine','экономист',2),(80,'женюша','blythe','экономист',2),(81,'леруся','julian','экономист',2),(82,'геруся','khalid','экономист',2),(83,'кируха','indigo','экономист',2),(84,'зинура','chiara','экономист',2),(85,'антоша','autumn','экономист',2),(86,'линуха','gunner','экономист',2),(87,'матюша','claude','экономист',2),(88,'зорина','candis','экономист',2),(89,'лаврен','goldie','ведущий экономист',2),(90,'варюша','elliot','ведущий экономист',2),(91,'аринка','delina','ведущий экономист',2),(92,'ванята','dahlia','ведущий экономист',2),(93,'игорич','habiba','ведущий экономист',2),(94,'козьма','carmen','ведущий экономист',2),(95,'милана','brevyn','ведущий экономист',2),(96,'валюха','dallas','ведущий экономист',2),(97,'зинура','cecily','ведущий экономист',2),(98,'васеня','audwin','ведущий экономист',2),(99,'анжела','kelsie','ведущий экономист',2),(100,'глебыч','darwin','ведущий экономист',2);
/*!40000 ALTER TABLE `workers` ENABLE KEYS */;
UNLOCK TABLES;

--
-- Final view structure for view `light_loans_view`
--

/*!50001 DROP VIEW IF EXISTS `light_loans_view`*/;
/*!50001 SET @saved_cs_client          = @@character_set_client */;
/*!50001 SET @saved_cs_results         = @@character_set_results */;
/*!50001 SET @saved_col_connection     = @@collation_connection */;
/*!50001 SET character_set_client      = utf8mb4 */;
/*!50001 SET character_set_results     = utf8mb4 */;
/*!50001 SET collation_connection      = utf8mb4_0900_ai_ci */;
/*!50001 CREATE ALGORITHM=UNDEFINED */
/*!50013 DEFINER=`root`@`localhost` SQL SECURITY DEFINER */
/*!50001 VIEW `light_loans_view` AS select `clients`.`name` AS `Заемщик`,`clients`.`inn` AS `ИНН заемщика`,`contracts`.`date` AS `Дата выдачи кредита`,`contracts`.`date_end` AS `Дата окончания кредита`,`GetCategory`(`k`.`quality`) AS `Категория качества`,(((if((`a`.`acc_val` is null),0,`a`.`acc_val`) + if((`c`.`acc_val` is null),0,`c`.`acc_val`)) + if((`e`.`acc_val` is null),0,`e`.`acc_val`)) + if((`g`.`acc_val` is null),0,`g`.`acc_val`)) AS `Общий долг`,(((if((`b`.`acc_val` is null),0,`b`.`acc_val`) + if((`d`.`acc_val` is null),0,`d`.`acc_val`)) + if((`f`.`acc_val` is null),0,`f`.`acc_val`)) + if((`h`.`acc_val` is null),0,`h`.`acc_val`)) AS `Общий резерв`,if((`k`.`take_coverage` = 1),`i`.`acc_val`,0) AS `Обеспечение` from ((((((((((((`loans` `l` left join `accounts` `a` on((`l`.`current_debt_id` = `a`.`id`))) left join `accounts` `b` on((`l`.`current_debt_reserve_id` = `b`.`id`))) left join `accounts` `c` on((`l`.`overdue_debt_id` = `c`.`id`))) left join `accounts` `d` on((`l`.`overdue_debt_reserve_id` = `d`.`id`))) left join `accounts` `e` on((`l`.`current_percent_id` = `e`.`id`))) left join `accounts` `f` on((`l`.`current_percent_reserve_id` = `f`.`id`))) left join `accounts` `g` on((`l`.`overdue_percent_id` = `g`.`id`))) left join `accounts` `h` on((`l`.`overdue_percent_reserve_id` = `h`.`id`))) left join `accounts` `i` on((`l`.`coverage_id` = `i`.`id`))) left join `reports` `k` on((`l`.`report_id` = `k`.`id`))) left join `contracts` on((`l`.`contract_id` = `contracts`.`id`))) left join `clients` on((`contracts`.`client_id` = `clients`.`id`))) */;
/*!50001 SET character_set_client      = @saved_cs_client */;
/*!50001 SET character_set_results     = @saved_cs_results */;
/*!50001 SET collation_connection      = @saved_col_connection */;

--
-- Final view structure for view `loans_view`
--

/*!50001 DROP VIEW IF EXISTS `loans_view`*/;
/*!50001 SET @saved_cs_client          = @@character_set_client */;
/*!50001 SET @saved_cs_results         = @@character_set_results */;
/*!50001 SET @saved_col_connection     = @@collation_connection */;
/*!50001 SET character_set_client      = utf8mb4 */;
/*!50001 SET character_set_results     = utf8mb4 */;
/*!50001 SET collation_connection      = utf8mb4_0900_ai_ci */;
/*!50001 CREATE ALGORITHM=UNDEFINED */
/*!50013 DEFINER=`root`@`localhost` SQL SECURITY DEFINER */
/*!50001 VIEW `loans_view` AS select `clients`.`name` AS `Заемщик`,`clients`.`inn` AS `ИНН заемщика`,`contracts`.`date` AS `Дата выдачи кредита`,`contracts`.`date_end` AS `Дата окончания кредита`,`a`.`acc_val` AS `Текущий долг`,`b`.`acc_val` AS `Резерв по текущему долгу`,`c`.`acc_val` AS `Просроченный долг`,`d`.`acc_val` AS `Резерв по просроченному долгу`,`e`.`acc_val` AS `Текущие проценты`,`f`.`acc_val` AS `Резерв по текущим процентам`,`g`.`acc_val` AS `Просроченные проценты`,`h`.`acc_val` AS `Резерв по просроченным процентам`,`i`.`acc_val` AS `Обеспечение`,`k`.`take_coverage` AS `Принимается ли обеспечение`,`k`.`quality` AS `% расчетного резерва`,`k`.`analytics` AS `Анализ` from ((((((((((((`loans` `l` left join `accounts` `a` on((`l`.`current_debt_id` = `a`.`id`))) left join `accounts` `b` on((`l`.`current_debt_reserve_id` = `b`.`id`))) left join `accounts` `c` on((`l`.`overdue_debt_id` = `c`.`id`))) left join `accounts` `d` on((`l`.`overdue_debt_reserve_id` = `d`.`id`))) left join `accounts` `e` on((`l`.`current_percent_id` = `e`.`id`))) left join `accounts` `f` on((`l`.`current_percent_reserve_id` = `f`.`id`))) left join `accounts` `g` on((`l`.`overdue_percent_id` = `g`.`id`))) left join `accounts` `h` on((`l`.`overdue_percent_reserve_id` = `h`.`id`))) left join `accounts` `i` on((`l`.`coverage_id` = `i`.`id`))) left join `reports` `k` on((`l`.`report_id` = `k`.`id`))) left join `contracts` on((`l`.`contract_id` = `contracts`.`id`))) left join `clients` on((`contracts`.`client_id` = `clients`.`id`))) */;
/*!50001 SET character_set_client      = @saved_cs_client */;
/*!50001 SET character_set_results     = @saved_cs_results */;
/*!50001 SET collation_connection      = @saved_col_connection */;
/*!40103 SET TIME_ZONE=@OLD_TIME_ZONE */;

/*!40101 SET SQL_MODE=@OLD_SQL_MODE */;
/*!40014 SET FOREIGN_KEY_CHECKS=@OLD_FOREIGN_KEY_CHECKS */;
/*!40014 SET UNIQUE_CHECKS=@OLD_UNIQUE_CHECKS */;
/*!40101 SET CHARACTER_SET_CLIENT=@OLD_CHARACTER_SET_CLIENT */;
/*!40101 SET CHARACTER_SET_RESULTS=@OLD_CHARACTER_SET_RESULTS */;
/*!40101 SET COLLATION_CONNECTION=@OLD_COLLATION_CONNECTION */;
/*!40111 SET SQL_NOTES=@OLD_SQL_NOTES */;

-- Dump completed on 2020-06-11  0:28:54
